model_key,pair,timeframe,brain,retail_adj_pf,retail_passed,raw_vps_adj_pf,raw_vps_passed,flipped_raw_vps,pf_improvement_raw_vps,ibkr_adj_pf,ibkr_passed,flipped_ibkr,pf_improvement_ibkr
GBPUSD_M15_rf_optuna,GBPUSD,M15,rf_optuna,2.9946,False,3.2247,True,True,0.23009999999999975,4.1309,True,True,1.1362999999999994
AUDUSD_M5_lgb_optuna,AUDUSD,M5,lgb_optuna,1.1064,False,1.2795,True,True,0.17310000000000003,1.6385,True,True,0.5321
AUDUSD_M30_residual_mlp_optuna,AUDUSD,M30,residual_mlp_optuna,2.7159,False,2.8473,True,True,0.13140000000000018,3.0659,True,True,0.3500000000000001
EURUSD_H1_lstm_optuna,EURUSD,H1,lstm_optuna,2.7395,False,2.8238,True,True,0.08429999999999982,3.045,True,True,0.3054999999999999
GBPUSD_M15_cnn1d_optuna,GBPUSD,M15,cnn1d_optuna,1.2375,False,1.3041,True,True,0.06659999999999999,1.5412,True,True,0.30369999999999986
EURUSD_M15_cnn1d_optuna,EURUSD,M15,cnn1d_optuna,1.3264,False,1.3955,True,True,0.06909999999999994,1.5859,True,True,0.25950000000000006
AUDUSD_H4_mlp_optuna,AUDUSD,H4,mlp_optuna,1.0538,False,1.0741,True,True,0.020299999999999985,1.1059,True,True,0.052100000000000035
AUDUSD_H4_tft_optuna,AUDUSD,H4,tft_optuna,1.1108,False,1.1304,True,True,0.019600000000000062,1.1611,True,True,0.05030000000000001
GBPUSD_M15_tft_optuna,GBPUSD,M15,tft_optuna,1.8221,False,1.9352,False,False,0.11309999999999998,2.3525,True,True,0.5304
GBPUSD_M5_rf_optuna,GBPUSD,M5,rf_optuna,0.8514,False,0.9447,False,False,0.09329999999999994,1.3427,True,True,0.49129999999999996
AUDUSD_M5_rf_optuna,AUDUSD,M5,rf_optuna,0.9768,False,1.1348,False,False,0.15800000000000003,1.4633,True,True,0.48650000000000004
GBPUSD_M5_et_optuna,GBPUSD,M5,et_optuna,0.7887,False,0.8762,False,False,0.08750000000000002,1.2499,True,True,0.46120000000000005
GBPUSD_M5_cat_optuna,GBPUSD,M5,cat_optuna,0.8052,False,0.8923,False,False,0.08709999999999996,1.2609,True,True,0.4556999999999999
AUDUSD_M5_lgb_v2_optuna,AUDUSD,M5,lgb_v2_optuna,0.9503,False,1.0955,False,False,0.14519999999999988,1.3919,True,True,0.4415999999999999
GBPUSD_M5_lgb_optuna,GBPUSD,M5,lgb_optuna,0.8395,False,0.9251,False,False,0.08560000000000001,1.2803,True,True,0.44079999999999997
EURUSD_M5_cat_optuna,EURUSD,M5,cat_optuna,0.7505,False,0.8477,False,False,0.09720000000000006,1.1807,True,True,0.43020000000000014
AUDUSD_M5_cat_optuna,AUDUSD,M5,cat_optuna,0.9174,False,1.0587,False,False,0.14129999999999998,1.3471,True,True,0.42969999999999997
AUDUSD_M5_et_optuna,AUDUSD,M5,et_optuna,0.8254,False,0.9636,False,False,0.1382,1.2525,True,True,0.4270999999999999
GBPUSD_M5_lgb_v2_optuna,GBPUSD,M5,lgb_v2_optuna,0.86,False,0.9435,False,False,0.08350000000000002,1.286,True,True,0.42600000000000005
GBPUSD_M5_xgb_v2_optuna,GBPUSD,M5,xgb_v2_optuna,0.8582,False,0.9417,False,False,0.08350000000000002,1.2841,True,True,0.42590000000000006
AUDUSD_M5_xgb_v2_optuna,AUDUSD,M5,xgb_v2_optuna,0.9399,False,1.0796,False,False,0.13969999999999994,1.3621,True,True,0.42220000000000013
GBPUSD_M5_cat_v2_optuna,GBPUSD,M5,cat_v2_optuna,0.8705,False,0.953,False,False,0.0824999999999999,1.2874,True,True,0.41690000000000005
AUDUSD_M5_cat_v2_optuna,AUDUSD,M5,cat_v2_optuna,0.8652,False,1.0015,False,False,0.1363000000000001,1.2813,True,True,0.41610000000000014
EURUSD_M5_lgb_optuna,EURUSD,M5,lgb_optuna,0.8011,False,0.8962,False,False,0.09509999999999996,1.2122,True,True,0.4110999999999999
EURUSD_M5_lgb_v2_optuna,EURUSD,M5,lgb_v2_optuna,0.8076,False,0.9015,False,False,0.09389999999999998,1.2109,True,True,0.4033000000000001
GBPUSD_M5_tft_optuna,GBPUSD,M5,tft_optuna,0.8612,False,0.9404,False,False,0.07920000000000005,1.2596,True,True,0.3984000000000001
EURUSD_M5_xgb_v2_optuna,EURUSD,M5,xgb_v2_optuna,0.796,False,0.8884,False,False,0.09239999999999993,1.1926,True,True,0.39660000000000006
EURUSD_M5_cat_v2_optuna,EURUSD,M5,cat_v2_optuna,0.7857,False,0.8774,False,False,0.0917,1.18,True,True,0.3943
GBPUSD_M5_tabnet_optuna,GBPUSD,M5,tabnet_optuna,0.7571,False,0.8328,False,False,0.07569999999999999,1.1475,True,True,0.39039999999999997
GBPUSD_M5_wavenet_optuna,GBPUSD,M5,wavenet_optuna,0.7442,False,0.8197,False,False,0.07550000000000001,1.1336,True,True,0.38939999999999997
GBPUSD_M5_attention_net_optuna,GBPUSD,M5,attention_net_optuna,0.8732,False,0.9508,False,False,0.0776,1.2587,True,True,0.38549999999999995
AUDUSD_M5_wavenet_optuna,AUDUSD,M5,wavenet_optuna,0.7503,False,0.8751,False,False,0.12480000000000002,1.1355,True,True,0.3852
GBPUSD_M5_nbeats_optuna,GBPUSD,M5,nbeats_optuna,0.8565,False,0.9322,False,False,0.07569999999999999,1.2327,True,True,0.37619999999999987
GBPUSD_M5_gru_optuna,GBPUSD,M5,gru_optuna,0.9023,False,0.9788,False,False,0.07650000000000001,1.2784,True,True,0.3761
AUDUSD_M30_cat_v2_optuna,AUDUSD,M30,cat_v2_optuna,2.699,False,2.8374,False,False,0.1384000000000003,3.0693,True,True,0.3703000000000003
GBPUSD_M5_residual_mlp_optuna,GBPUSD,M5,residual_mlp_optuna,0.8235,False,0.8965,False,False,0.07299999999999995,1.1857,True,True,0.36219999999999997
AUDUSD_M30_lstm_optuna,AUDUSD,M30,lstm_optuna,2.6238,False,2.7558,False,False,0.13199999999999967,2.9765,True,True,0.3527
GBPUSD_M5_ensemble_nn_optuna,GBPUSD,M5,ensemble_nn_optuna,0.859,False,0.9303,False,False,0.07130000000000003,1.2081,True,True,0.34909999999999997
GBPUSD_M5_mlp_optuna,GBPUSD,M5,mlp_optuna,0.8353,False,0.9049,False,False,0.0696,1.1762,True,True,0.34089999999999987
AUDUSD_M5_ensemble_nn_optuna,AUDUSD,M5,ensemble_nn_optuna,0.7875,False,0.9011,False,False,0.11360000000000003,1.1282,True,True,0.3407000000000001
AUDUSD_M5_tcn_optuna,AUDUSD,M5,tcn_optuna,0.727,False,0.8389,False,False,0.1119,1.0672,True,True,0.34019999999999995
AUDUSD_M5_mlp_optuna,AUDUSD,M5,mlp_optuna,0.835,False,0.9487,False,False,0.11370000000000002,1.173,True,True,0.3380000000000001
AUDUSD_M5_residual_mlp_optuna,AUDUSD,M5,residual_mlp_optuna,0.8079,False,0.9196,False,False,0.11170000000000002,1.1407,True,True,0.3328000000000001
AUDUSD_M30_tabnet_optuna,AUDUSD,M30,tabnet_optuna,2.5284,False,2.6526,False,False,0.12420000000000009,2.8593,True,True,0.3309000000000002
GBPUSD_M5_lstm_optuna,GBPUSD,M5,lstm_optuna,0.8087,False,0.8753,False,False,0.06659999999999999,1.1343,True,True,0.3256000000000001
AUDUSD_M5_lstm_optuna,AUDUSD,M5,lstm_optuna,0.7673,False,0.8761,False,False,0.10880000000000001,1.0922,True,True,0.3249000000000001
AUDUSD_M5_nbeats_optuna,AUDUSD,M5,nbeats_optuna,0.7536,False,0.8615,False,False,0.1079,1.0781,True,True,0.3245
AUDUSD_M5_gru_optuna,AUDUSD,M5,gru_optuna,0.8083,False,0.9168,False,False,0.10849999999999993,1.1301,True,True,0.3218000000000001
AUDUSD_M5_transformer_optuna,AUDUSD,M5,transformer_optuna,0.764,False,0.8704,False,False,0.10639999999999994,1.0804,True,True,0.3164
AUDUSD_M5_attention_net_optuna,AUDUSD,M5,attention_net_optuna,0.7463,False,0.8518,False,False,0.10550000000000004,1.0611,True,True,0.31479999999999997
AUDUSD_M5_tft_optuna,AUDUSD,M5,tft_optuna,0.7699,False,0.8743,False,False,0.10439999999999994,1.0782,True,True,0.3083
AUDUSD_M30_ensemble_nn_optuna,AUDUSD,M30,ensemble_nn_optuna,2.5011,False,2.6173,False,False,0.11620000000000008,2.8094,True,True,0.3083
GBPUSD_M5_transformer_optuna,GBPUSD,M5,transformer_optuna,0.8172,False,0.8788,False,False,0.06159999999999999,1.1119,True,True,0.2947000000000001
EURUSD_M5_transformer_optuna,EURUSD,M5,transformer_optuna,0.7335,False,0.8041,False,False,0.0706,1.0237,True,True,0.2902
EURUSD_M5_attention_net_optuna,EURUSD,M5,attention_net_optuna,0.7162,False,0.7862,False,False,0.07000000000000006,1.0054,True,True,0.2892000000000001
GBPUSD_H4_lgb_optuna,GBPUSD,H4,lgb_optuna,1.2862,False,1.304,False,False,0.017800000000000038,1.3593,True,True,0.07309999999999994
USDCHF_M30_et_optuna,USDCHF,M30,et_optuna,4.6573,False,5.2646,False,False,0.6072999999999995,6.3636,False,False,1.7062999999999997
EURUSD_H1_xgb_optuna,EURUSD,H1,xgb_optuna,7.1192,True,7.5249,True,False,0.4056999999999995,8.6974,True,False,1.5781999999999998
USDCHF_M30_rf_optuna,USDCHF,M30,rf_optuna,4.0478,True,4.5526,True,False,0.5048000000000004,5.4509,True,False,1.4031000000000002
AUDUSD_M15_rf_optuna,AUDUSD,M15,rf_optuna,3.8973,False,4.3528,False,False,0.45550000000000024,5.249,False,False,1.3516999999999997
EURUSD_H1_et_optuna,EURUSD,H1,et_optuna,5.7281,True,6.0696,True,False,0.3414999999999999,7.0621,True,False,1.3339999999999996
NZDUSD_M15_et_optuna,NZDUSD,M15,et_optuna,2.768,False,3.3548,False,False,0.5868000000000002,4.0845,False,False,1.3165000000000004
AUDUSD_H1_et_optuna,AUDUSD,H1,et_optuna,6.7219,True,7.1846,True,False,0.4626999999999999,8.0062,True,False,1.2843
AUDUSD_H1_cat_optuna,AUDUSD,H1,cat_optuna,6.3133,True,6.7544,True,False,0.4411000000000005,7.5375,True,False,1.2241999999999997
USDCHF_H1_rf_optuna,USDCHF,H1,rf_optuna,5.0029,True,5.453,True,False,0.45009999999999994,6.2002,True,False,1.1972999999999994
EURUSD_M30_rf_optuna,EURUSD,M30,rf_optuna,4.7499,True,5.0535,True,False,0.3035999999999994,5.9434,True,False,1.1934999999999993
AUDUSD_H1_xgb_optuna,AUDUSD,H1,xgb_optuna,6.5934,True,7.0194,True,False,0.42600000000000016,7.7666,True,False,1.1732000000000005
USDCHF_H1_et_optuna,USDCHF,H1,et_optuna,4.5112,False,4.9449,False,False,0.4337,5.6738,False,False,1.1626000000000003
USDCAD_M15_rf_optuna,USDCAD,M15,rf_optuna,2.1503,False,2.5407,False,False,0.3904000000000001,3.3126,False,False,1.1623
GBPUSD_M15_xgb_optuna,GBPUSD,M15,xgb_optuna,3.4508,True,3.6902,True,False,0.23939999999999984,4.6084,True,False,1.1575999999999995
GBPUSD_M30_xgb_optuna,GBPUSD,M30,xgb_optuna,4.3801,False,4.6236,False,False,0.24350000000000005,5.5131,False,False,1.133
EURUSD_H1_lgb_optuna,EURUSD,H1,lgb_optuna,5.9179,True,6.2101,True,False,0.29219999999999935,7.0301,True,False,1.1121999999999996
AUDUSD_H1_rf_optuna,AUDUSD,H1,rf_optuna,6.3517,False,6.7532,False,False,0.4014999999999995,7.4546,False,False,1.1029
USDCAD_M30_rf_optuna,USDCAD,M30,rf_optuna,3.1708,False,3.5668,False,False,0.39600000000000035,4.2684,False,False,1.0976
AUDUSD_M15_xgb_optuna,AUDUSD,M15,xgb_optuna,3.6011,True,3.974,True,False,0.3729,4.6839,True,False,1.0828000000000002
GBPUSD_M30_et_optuna,GBPUSD,M30,et_optuna,3.8291,False,4.0546,False,False,0.2254999999999998,4.8875,False,False,1.0584000000000002
AUDUSD_M30_xgb_optuna,AUDUSD,M30,xgb_optuna,5.4171,False,5.7913,False,False,0.3742000000000001,6.4528,False,False,1.0357000000000003
GBPUSD_M30_rf_optuna,GBPUSD,M30,rf_optuna,3.692,False,3.909,False,False,0.21699999999999964,4.7105,False,False,1.0184999999999995
USDCAD_M30_et_optuna,USDCAD,M30,et_optuna,2.7927,False,3.1433,False,False,0.3506,3.763,False,False,0.9702999999999999
NZDUSD_M15_rf_optuna,NZDUSD,M15,rf_optuna,2.3821,True,2.8196,True,False,0.4375,3.3366,True,False,0.9544999999999999
EURUSD_H1_lgb_v2_optuna,EURUSD,H1,lgb_v2_optuna,5.518,False,5.771,False,False,0.2530000000000001,6.4714,False,False,0.9534000000000002
GBPUSD_M15_cat_optuna,GBPUSD,M15,cat_optuna,2.6788,True,2.8742,True,False,0.19540000000000024,3.6307,True,False,0.9519000000000002
USDCHF_M15_rf_optuna,USDCHF,M15,rf_optuna,2.2946,False,2.6245,False,False,0.32989999999999986,3.2256,False,False,0.931
EURUSD_H1_xgb_v2_optuna,EURUSD,H1,xgb_v2_optuna,5.4033,True,5.6479,True,False,0.24460000000000015,6.3231,True,False,0.9198000000000004
USDCAD_M15_et_optuna,USDCAD,M15,et_optuna,1.7563,False,2.0641,False,False,0.30779999999999985,2.6598,False,False,0.9035000000000002
USDCAD_H1_rf_optuna,USDCAD,H1,rf_optuna,3.6401,False,3.9788,False,False,0.3387000000000002,4.5418,False,False,0.9017000000000004
EURUSD_H1_cat_optuna,EURUSD,H1,cat_optuna,4.6019,True,4.8321,True,False,0.23019999999999996,5.4779,True,False,0.8760000000000003
USDCAD_H1_et_optuna,USDCAD,H1,et_optuna,3.2585,False,3.5798,False,False,0.3212999999999999,4.1192,False,False,0.8607
EURUSD_H1_rf_optuna,EURUSD,H1,rf_optuna,4.6618,True,4.8874,True,False,0.22560000000000002,5.5174,True,False,0.8555999999999999
USDCHF_M15_et_optuna,USDCHF,M15,et_optuna,2.1896,True,2.4879,True,False,0.2982999999999998,3.0226,True,False,0.8330000000000002
AUDUSD_M30_cat_optuna,AUDUSD,M30,cat_optuna,3.9489,False,4.2454,False,False,0.2965,4.7761,False,False,0.8271999999999995
NZDUSD_H1_rf_optuna,NZDUSD,H1,rf_optuna,3.0619,False,3.457,False,False,0.3950999999999998,3.8886,False,False,0.8266999999999998
AUDUSD_M30_et_optuna,AUDUSD,M30,et_optuna,3.9902,False,4.28,False,False,0.28980000000000006,4.7952,False,False,0.8050000000000002
GBPUSD_M15_et_optuna,GBPUSD,M15,et_optuna,2.3877,True,2.5547,True,False,0.16699999999999982,3.1921,True,False,0.8043999999999998
AUDUSD_M15_lgb_optuna,AUDUSD,M15,lgb_optuna,2.9813,True,3.2581,True,False,0.27680000000000016,3.7686,True,False,0.7873000000000001
AUDUSD_M15_et_optuna,AUDUSD,M15,et_optuna,2.7724,True,3.0446,True,False,0.2721999999999998,3.5527,True,False,0.7803
GBPUSD_M15_lgb_optuna,GBPUSD,M15,lgb_optuna,2.6162,True,2.78,True,False,0.16379999999999972,3.3864,True,False,0.7702
GBPUSD_M30_cat_optuna,GBPUSD,M30,cat_optuna,3.2693,True,3.4358,True,False,0.1665000000000001,4.0285,True,False,0.7592000000000003
AUDUSD_M15_cat_optuna,AUDUSD,M15,cat_optuna,2.8651,True,3.1313,True,False,0.2662,3.6216,True,False,0.7565
NZDUSD_H1_et_optuna,NZDUSD,H1,et_optuna,2.8619,True,3.2217,True,False,0.3597999999999999,3.6124,True,False,0.7505000000000002
NZDUSD_M30_rf_optuna,NZDUSD,M30,rf_optuna,2.6792,True,3.0359,True,False,0.3567,3.4255,True,False,0.7463000000000002
EURUSD_M30_et_optuna,EURUSD,M30,et_optuna,3.7599,True,3.9541,True,False,0.19419999999999993,4.4971,True,False,0.7371999999999996
AUDUSD_M30_rf_optuna,AUDUSD,M30,rf_optuna,3.6869,False,3.9491,False,False,0.2622,4.4129,False,False,0.7259999999999995
EURUSD_M15_rf_optuna,EURUSD,M15,rf_optuna,2.5366,True,2.7123,True,False,0.17569999999999997,3.2274,True,False,0.6907999999999999
GBPUSD_H1_rf_optuna,GBPUSD,H1,rf_optuna,3.2022,False,3.3544,False,False,0.1522000000000001,3.8928,False,False,0.6905999999999999
AUDUSD_H1_lgb_v2_optuna,AUDUSD,H1,lgb_v2_optuna,4.8195,True,5.0729,True,False,0.25340000000000007,5.5032,True,False,0.6837
GBPUSD_M15_lgb_v2_optuna,GBPUSD,M15,lgb_v2_optuna,2.4018,True,2.5475,True,False,0.14569999999999972,3.0823,True,False,0.6804999999999999
EURUSD_H1_tabnet_optuna,EURUSD,H1,tabnet_optuna,4.0552,True,4.2364,True,False,0.18119999999999958,4.7353,True,False,0.6800999999999995
AUDUSD_M30_lgb_optuna,AUDUSD,M30,lgb_optuna,3.9256,False,4.1739,False,False,0.24829999999999952,4.6057,False,False,0.6800999999999995
AUDUSD_M5_xgb_optuna,AUDUSD,M5,xgb_optuna,1.2994,False,1.5143,False,False,0.21489999999999987,1.9704,False,False,0.6709999999999998
GBPUSD_M30_lgb_optuna,GBPUSD,M30,lgb_optuna,3.1448,True,3.2922,True,False,0.14739999999999975,3.8093,True,False,0.6644999999999999
GBPUSD_H1_xgb_optuna,GBPUSD,H1,xgb_optuna,3.3675,True,3.5145,True,False,0.1469999999999998,4.0259,True,False,0.6583999999999999
GBPUSD_M15_xgb_v2_optuna,GBPUSD,M15,xgb_v2_optuna,2.3159,True,2.4566,True,False,0.14069999999999983,2.9722,True,False,0.6562999999999999
AUDUSD_H1_wavenet_optuna,AUDUSD,H1,wavenet_optuna,4.3931,True,4.635,True,False,0.24190000000000023,5.0486,True,False,0.6555000000000009
GBPUSD_M15_cat_v2_optuna,GBPUSD,M15,cat_v2_optuna,2.308,True,2.4472,True,False,0.1392000000000002,2.9557,True,False,0.6477000000000004
GBPUSD_M30_lgb_v2_optuna,GBPUSD,M30,lgb_v2_optuna,2.9751,True,3.1159,True,False,0.14080000000000004,3.6074,True,False,0.6323000000000003
EURUSD_H1_nbeats_optuna,EURUSD,H1,nbeats_optuna,4.088,False,4.257,False,False,0.1689999999999996,4.7179,False,False,0.6299000000000001
GBPUSD_M15_nbeats_optuna,GBPUSD,M15,nbeats_optuna,1.8825,True,2.013,True,False,0.13049999999999984,2.5112,True,False,0.6287
GBPUSD_M15_transformer_optuna,GBPUSD,M15,transformer_optuna,2.1552,True,2.2885,True,False,0.1333000000000002,2.7809,True,False,0.6257000000000001
GBPUSD_M5_xgb_optuna,GBPUSD,M5,xgb_optuna,0.9418,False,1.0561,False,False,0.11430000000000007,1.5668,False,False,0.625
EURUSD_M15_et_optuna,EURUSD,M15,et_optuna,2.3886,False,2.5447,False,False,0.15610000000000035,2.9961,False,False,0.6075000000000004
AUDUSD_M15_xgb_v2_optuna,AUDUSD,M15,xgb_v2_optuna,2.7914,True,3.0104,True,False,0.2190000000000003,3.3988,True,False,0.6074000000000002
EURUSD_M5_xgb_optuna,EURUSD,M5,xgb_optuna,0.9422,False,1.0753,False,False,0.13309999999999989,1.5484,False,False,0.6062
EURUSD_H1_attention_net_optuna,EURUSD,H1,attention_net_optuna,3.8054,True,3.9645,True,False,0.15910000000000002,4.3971,True,False,0.5916999999999999
USDJPY_D1_cat_optuna,USDJPY,D1,cat_optuna,0.9639,False,1.1194,False,False,0.15549999999999997,1.5551,False,False,0.5912
EURUSD_H1_cat_v2_optuna,EURUSD,H1,cat_v2_optuna,4.3638,True,4.5241,True,False,0.16029999999999944,4.9536,True,False,0.5897999999999994
AUDUSD_M15_lgb_v2_optuna,AUDUSD,M15,lgb_v2_optuna,2.73,True,2.9411,True,False,0.21110000000000007,3.3146,True,False,0.5846
EURUSD_M30_xgb_optuna,EURUSD,M30,xgb_optuna,3.532,True,3.6878,True,False,0.15580000000000016,4.1134,True,False,0.5814000000000004
GBPUSD_M30_xgb_v2_optuna,GBPUSD,M30,xgb_v2_optuna,2.989,True,3.1194,True,False,0.1304000000000003,3.5687,True,False,0.5797000000000003
AUDUSD_H1_xgb_v2_optuna,AUDUSD,H1,xgb_v2_optuna,4.254,True,4.4684,True,False,0.21440000000000037,4.8303,True,False,0.5763000000000007
AUDUSD_H1_lgb_optuna,AUDUSD,H1,lgb_optuna,4.7352,True,4.9508,True,False,0.21560000000000024,5.3115,True,False,0.5762999999999998
GBPUSD_M30_cat_v2_optuna,GBPUSD,M30,cat_v2_optuna,2.8246,True,2.9524,True,False,0.1277999999999997,3.3947,True,False,0.5700999999999996
NZDUSD_M30_et_optuna,NZDUSD,M30,et_optuna,2.2924,True,2.5679,True,False,0.27549999999999963,2.8617,True,False,0.5692999999999997
EURUSD_H1_ensemble_nn_optuna,EURUSD,H1,ensemble_nn_optuna,3.7094,True,3.8625,True,False,0.1530999999999998,4.2785,True,False,0.5691000000000002
GBPUSD_M15_tabnet_optuna,GBPUSD,M15,tabnet_optuna,1.8881,True,2.0084,True,False,0.12030000000000007,2.455,True,False,0.5669000000000002
GBPUSD_M15_lstm_optuna,GBPUSD,M15,lstm_optuna,2.0974,True,2.2195,True,False,0.1221000000000001,2.6629,True,False,0.5655000000000001
AUDUSD_H1_tabnet_optuna,AUDUSD,H1,tabnet_optuna,3.8987,True,4.1013,True,False,0.20260000000000034,4.4455,True,False,0.5468000000000002
AUDUSD_M15_tabnet_optuna,AUDUSD,M15,tabnet_optuna,2.3737,True,2.5697,True,False,0.19600000000000017,2.92,True,False,0.5463
AUDUSD_H1_lstm_optuna,AUDUSD,H1,lstm_optuna,4.3323,True,4.5354,True,False,0.20310000000000006,4.8757,True,False,0.5434000000000001
GBPUSD_M30_tft_optuna,GBPUSD,M30,tft_optuna,2.6091,True,2.7277,True,False,0.11859999999999982,3.1397,True,False,0.5305999999999997
GBPUSD_H1_cat_optuna,GBPUSD,H1,cat_optuna,2.674,True,2.7924,True,False,0.11840000000000028,3.2032,True,False,0.5291999999999999
EURUSD_M30_tcn_optuna,EURUSD,M30,tcn_optuna,2.8974,True,3.0374,True,False,0.13999999999999968,3.4258,True,False,0.5284
USDJPY_D1_lgb_v2_optuna,USDJPY,D1,lgb_v2_optuna,1.0204,False,1.1641,False,False,0.14369999999999994,1.5482,False,False,0.5278
EURUSD_M30_cat_optuna,EURUSD,M30,cat_optuna,3.1951,True,3.3365,True,False,0.14139999999999997,3.7226,True,False,0.5274999999999999
GBPUSD_M15_wavenet_optuna,GBPUSD,M15,wavenet_optuna,1.765,True,1.8767,True,False,0.11170000000000013,2.2918,True,False,0.5267999999999999
AUDUSD_M15_tft_optuna,AUDUSD,M15,tft_optuna,2.5267,True,2.7141,True,False,0.18740000000000023,3.0434,True,False,0.5167000000000002
AUDUSD_M30_lgb_v2_optuna,AUDUSD,M30,lgb_v2_optuna,3.2836,False,3.4727,False,False,0.18910000000000027,3.7955,False,False,0.5119000000000002
GBPUSD_M15_gru_optuna,GBPUSD,M15,gru_optuna,2.0766,True,2.1884,True,False,0.11180000000000012,2.5882,True,False,0.5116
AUDUSD_H1_nbeats_optuna,AUDUSD,H1,nbeats_optuna,4.2901,True,4.4816,True,False,0.19150000000000045,4.8006,True,False,0.5105000000000004
AUDUSD_M15_cat_v2_optuna,AUDUSD,M15,cat_v2_optuna,2.5431,True,2.7283,True,False,0.18520000000000003,3.0515,True,False,0.5084
USDCHF_M5_rf_optuna,USDCHF,M5,rf_optuna,0.6681,False,0.8306,False,False,0.16249999999999998,1.1761,False,False,0.5079999999999999
GBPUSD_M30_wavenet_optuna,GBPUSD,M30,wavenet_optuna,2.2082,True,2.3188,True,False,0.11059999999999981,2.7102,True,False,0.5019999999999998
AUDUSD_M15_mlp_optuna,AUDUSD,M15,mlp_optuna,2.3705,True,2.5516,True,False,0.18110000000000026,2.8715,True,False,0.5010000000000003
GBPUSD_H1_et_optuna,GBPUSD,H1,et_optuna,2.6999,False,2.8121,False,False,0.11220000000000008,3.1988,False,False,0.4988999999999999
AUDUSD_M15_residual_mlp_optuna,AUDUSD,M15,residual_mlp_optuna,2.3768,True,2.5569,True,False,0.18010000000000037,2.8745,True,False,0.49770000000000003
EURUSD_H1_wavenet_optuna,EURUSD,H1,wavenet_optuna,3.2557,True,3.3898,True,False,0.1341000000000001,3.7532,True,False,0.49750000000000005
GBPUSD_M15_mlp_optuna,GBPUSD,M15,mlp_optuna,1.9446,True,2.052,True,False,0.10739999999999994,2.4376,True,False,0.4930000000000001
USDJPY_D1_lgb_optuna,USDJPY,D1,lgb_optuna,0.9657,False,1.1002,False,False,0.13450000000000006,1.4577,False,False,0.492
AUDUSD_M15_wavenet_optuna,AUDUSD,M15,wavenet_optuna,2.1726,True,2.3483,True,False,0.17569999999999997,2.661,True,False,0.48839999999999995
GBPUSD_M15_ensemble_nn_optuna,GBPUSD,M15,ensemble_nn_optuna,1.9077,True,2.0138,True,False,0.10609999999999986,2.3954,True,False,0.4877
AUDUSD_M15_gru_optuna,AUDUSD,M15,gru_optuna,2.5103,True,2.687,True,False,0.17669999999999986,2.9934,True,False,0.48309999999999986
AUDUSD_M30_xgb_v2_optuna,AUDUSD,M30,xgb_v2_optuna,3.1583,False,3.3359,False,False,0.17759999999999998,3.6376,False,False,0.47929999999999984
GBPUSD_M30_residual_mlp_optuna,GBPUSD,M30,residual_mlp_optuna,2.5272,True,2.6351,True,False,0.10789999999999988,3.0051,True,False,0.4779
NZDUSD_M5_rf_optuna,NZDUSD,M5,rf_optuna,0.6994,False,0.9046,False,False,0.20519999999999994,1.1768,False,False,0.47740000000000005
AUDUSD_H1_attention_net_optuna,AUDUSD,H1,attention_net_optuna,4.0604,True,4.2393,True,False,0.1789000000000005,4.5373,True,False,0.47690000000000055
EURUSD_H4_tcn_optuna,EURUSD,H4,tcn_optuna,4.6486,False,4.78,False,False,0.13140000000000018,5.1252,False,False,0.47660000000000036
AUDUSD_M30_nbeats_optuna,AUDUSD,M30,nbeats_optuna,3.21,True,3.3863,True,False,0.1762999999999999,3.6854,True,False,0.47540000000000004
EURUSD_M15_xgb_optuna,EURUSD,M15,xgb_optuna,2.201,False,2.3238,False,False,0.1227999999999998,2.6677,False,False,0.4666999999999999
GBPUSD_M15_residual_mlp_optuna,GBPUSD,M15,residual_mlp_optuna,1.8739,True,1.9751,True,False,0.10120000000000018,2.337,True,False,0.4631000000000003
GBPUSD_H1_xgb_v2_optuna,GBPUSD,H1,xgb_v2_optuna,2.6434,True,2.7473,True,False,0.10389999999999988,3.1007,True,False,0.4572999999999996
NZDUSD_M5_et_optuna,NZDUSD,M5,et_optuna,0.6656,False,0.8618,False,False,0.19620000000000004,1.1215,False,False,0.45589999999999997
AUDUSD_H1_tft_optuna,AUDUSD,H1,tft_optuna,3.9524,True,4.1229,True,False,0.17049999999999965,4.4057,True,False,0.4533000000000005
AUDUSD_M30_tcn_optuna,AUDUSD,M30,tcn_optuna,2.5059,True,2.6712,True,False,0.16529999999999978,2.9587,True,False,0.45279999999999987
GBPUSD_M15_attention_net_optuna,GBPUSD,M15,attention_net_optuna,1.8807,True,1.9797,True,False,0.09899999999999998,2.3309,True,False,0.45020000000000016
AUDUSD_H1_cat_v2_optuna,AUDUSD,H1,cat_v2_optuna,3.834,True,4.0025,True,False,0.16850000000000032,4.2822,True,False,0.4481999999999995
GBPUSD_H1_lgb_optuna,GBPUSD,H1,lgb_optuna,2.6685,True,2.7702,True,False,0.10170000000000012,3.1153,True,False,0.4468000000000001
USDCAD_M5_rf_optuna,USDCAD,M5,rf_optuna,0.5674,False,0.7088,False,False,0.14139999999999997,1.012,False,False,0.4446
GBPUSD_M30_tabnet_optuna,GBPUSD,M30,tabnet_optuna,2.4001,True,2.5003,True,False,0.10020000000000007,2.8429,True,False,0.4428000000000001
EURUSD_M5_rf_optuna,EURUSD,M5,rf_optuna,0.6857,False,0.7833,False,False,0.09760000000000002,1.1276,False,False,0.44189999999999996
USDCAD_M5_et_optuna,USDCAD,M5,et_optuna,0.5374,False,0.6763,False,False,0.13890000000000002,0.9779,False,False,0.4405
EURUSD_H1_cnn1d_optuna,EURUSD,H1,cnn1d_optuna,2.975,True,3.0927,True,False,0.1176999999999997,3.4095,True,False,0.4344999999999999
AUDUSD_M15_transformer_optuna,AUDUSD,M15,transformer_optuna,2.2253,True,2.3816,True,False,0.15630000000000033,2.6531,True,False,0.42779999999999996
GBPUSD_H1_gru_optuna,GBPUSD,H1,gru_optuna,2.471,True,2.568,True,False,0.09699999999999998,2.898,True,False,0.42700000000000005
GBPUSD_M30_nbeats_optuna,GBPUSD,M30,nbeats_optuna,2.2189,True,2.314,True,False,0.09509999999999996,2.6407,True,False,0.42179999999999973
AUDUSD_M15_lstm_optuna,AUDUSD,M15,lstm_optuna,2.2787,True,2.433,True,False,0.15429999999999966,2.6991,True,False,0.4203999999999999
USDCHF_H4_et_optuna,USDCHF,H4,et_optuna,2.8643,False,3.0289,False,False,0.16460000000000008,3.2835,False,False,0.4192
EURUSD_M30_lgb_v2_optuna,EURUSD,M30,lgb_v2_optuna,2.994,True,3.107,True,False,0.11299999999999999,3.4081,True,False,0.4140999999999999
EURUSD_M15_nbeats_optuna,EURUSD,M15,nbeats_optuna,2.2402,True,2.3507,True,False,0.1104999999999996,2.6538,True,False,0.41359999999999975
EURUSD_M5_et_optuna,EURUSD,M5,et_optuna,0.6199,False,0.7099,False,False,0.08999999999999997,1.0284,False,False,0.4085
GBPUSD_M30_gru_optuna,GBPUSD,M30,gru_optuna,2.2014,True,2.2936,True,False,0.09220000000000006,2.6091,True,False,0.4077000000000002
AUDUSD_M15_attention_net_optuna,AUDUSD,M15,attention_net_optuna,2.2198,True,2.3692,True,False,0.14939999999999998,2.6272,True,False,0.4074
GBPUSD_M30_attention_net_optuna,GBPUSD,M30,attention_net_optuna,2.3777,True,2.4706,True,False,0.0929000000000002,2.7846,True,False,0.40690000000000026
AUDUSD_M15_tcn_optuna,AUDUSD,M15,tcn_optuna,2.0378,True,2.1859,True,False,0.14810000000000034,2.4447,True,False,0.40690000000000026
USDCHF_M5_et_optuna,USDCHF,M5,et_optuna,0.6088,False,0.7423,False,False,0.13349999999999995,1.0156,False,False,0.40680000000000005
GBPUSD_H1_tft_optuna,GBPUSD,H1,tft_optuna,2.1972,True,2.2888,True,False,0.09160000000000013,2.6024,True,False,0.4051999999999998
EURUSD_M30_residual_mlp_optuna,EURUSD,M30,residual_mlp_optuna,2.9258,True,3.0363,True,False,0.11050000000000004,3.3299,True,False,0.4040999999999997
GBPUSD_H1_lgb_v2_optuna,GBPUSD,H1,lgb_v2_optuna,2.4973,True,2.5893,True,False,0.09200000000000008,2.9006,False,False,0.40329999999999977
EURUSD_M15_cat_optuna,EURUSD,M15,cat_optuna,1.952,False,2.0587,False,False,0.10670000000000002,2.3549,False,False,0.40290000000000026
EURUSD_M30_lgb_optuna,EURUSD,M30,lgb_optuna,2.9703,True,3.0803,True,False,0.10999999999999988,3.3732,True,False,0.40290000000000026
EURUSD_H1_gru_optuna,EURUSD,H1,gru_optuna,3.3568,True,3.4672,True,False,0.11040000000000028,3.7587,True,False,0.40190000000000037
EURUSD_M15_gru_optuna,EURUSD,M15,gru_optuna,2.0365,True,2.1429,True,False,0.10639999999999983,2.4361,True,False,0.39959999999999996
AUDUSD_H1_residual_mlp_optuna,AUDUSD,H1,residual_mlp_optuna,3.7659,True,3.9168,True,False,0.15090000000000003,4.165,True,False,0.39910000000000023
GBPUSD_M30_lstm_optuna,GBPUSD,M30,lstm_optuna,2.1386,True,2.2286,True,False,0.0900000000000003,2.537,True,False,0.3984000000000001
EURUSD_H1_tcn_optuna,EURUSD,H1,tcn_optuna,2.9454,False,3.0537,False,False,0.10830000000000028,3.343,False,False,0.3976000000000002
EURUSD_H1_tft_optuna,EURUSD,H1,tft_optuna,3.4169,False,3.5262,False,False,0.10929999999999973,3.8145,False,False,0.39759999999999973
AUDUSD_M30_tft_optuna,AUDUSD,M30,tft_optuna,2.6951,False,2.8415,False,False,0.14639999999999986,3.0888,False,False,0.39369999999999994
EURUSD_H1_mlp_optuna,EURUSD,H1,mlp_optuna,3.3583,False,3.4661,False,False,0.10780000000000012,3.7501,False,False,0.39180000000000037
GBPUSD_H1_transformer_optuna,GBPUSD,H1,transformer_optuna,2.07,True,2.1582,True,False,0.08820000000000006,2.4612,True,False,0.3912
USDJPY_D1_rf_optuna,USDJPY,D1,rf_optuna,0.8083,False,0.917,False,False,0.10870000000000002,1.1987,False,False,0.3904000000000001
EURUSD_M30_xgb_v2_optuna,EURUSD,M30,xgb_v2_optuna,2.9178,True,3.0246,True,False,0.10679999999999978,3.3076,True,False,0.3897999999999997
USDCAD_M1_lgb_v2_optuna,USDCAD,M1,lgb_v2_optuna,0.3833,False,0.4953,False,False,0.11200000000000004,0.7721,False,False,0.38880000000000003
USDCAD_M1_lgb_optuna,USDCAD,M1,lgb_optuna,0.3647,False,0.4751,False,False,0.1104,0.7535,False,False,0.3887999999999999
AUDUSD_H1_mlp_optuna,AUDUSD,H1,mlp_optuna,3.7445,True,3.8913,True,False,0.14680000000000026,4.1328,True,False,0.38829999999999965
EURUSD_M15_lstm_optuna,EURUSD,M15,lstm_optuna,1.9846,True,2.0869,True,False,0.10230000000000006,2.3679,True,False,0.3833000000000002
USDJPY_D1_et_optuna,USDJPY,D1,et_optuna,0.7298,False,0.832,False,False,0.10219999999999996,1.1049,False,False,0.3751
USDCAD_M1_cat_optuna,USDCAD,M1,cat_optuna,0.3689,False,0.4763,False,False,0.1074,0.7436,False,False,0.37470000000000003
AUDUSD_H1_tcn_optuna,AUDUSD,H1,tcn_optuna,3.172,True,3.3128,True,False,0.14080000000000004,3.546,True,False,0.37399999999999967
EURUSD_M30_attention_net_optuna,EURUSD,M30,attention_net_optuna,2.859,True,2.9617,True,False,0.10270000000000001,3.2327,True,False,0.3736999999999999
USDCAD_M1_cat_v2_optuna,USDCAD,M1,cat_v2_optuna,0.399,False,0.5086,False,False,0.10960000000000003,0.7721,False,False,0.3731
USDCAD_M1_xgb_optuna,USDCAD,M1,xgb_optuna,0.2782,False,0.3785,False,False,0.1003,0.6506,False,False,0.37239999999999995
AUDUSD_H1_gru_optuna,AUDUSD,H1,gru_optuna,3.7283,True,3.8691,True,False,0.14080000000000004,4.1004,True,False,0.37209999999999965
USDCAD_M1_xgb_v2_optuna,USDCAD,M1,xgb_v2_optuna,0.3738,False,0.4813,False,False,0.10749999999999998,0.7452,False,False,0.37139999999999995
EURUSD_M15_residual_mlp_optuna,EURUSD,M15,residual_mlp_optuna,1.9537,True,2.0525,True,False,0.09880000000000022,2.3234,True,False,0.3696999999999999
EURUSD_M15_lgb_v2_optuna,EURUSD,M15,lgb_v2_optuna,1.9621,True,2.061,True,False,0.09889999999999999,2.3313,True,False,0.3692000000000002
AUDUSD_H1_transformer_optuna,AUDUSD,H1,transformer_optuna,3.5642,True,3.7029,True,False,0.13870000000000005,3.9309,True,False,0.3666999999999998
AUDUSD_M15_ensemble_nn_optuna,AUDUSD,M15,ensemble_nn_optuna,2.1142,True,2.2492,True,False,0.13500000000000023,2.4802,True,False,0.3660000000000001
GBPUSD_M5_cnn1d_optuna,GBPUSD,M5,cnn1d_optuna,0.668,False,0.7382,False,False,0.07019999999999993,1.0337,False,False,0.3657
GBPUSD_H1_nbeats_optuna,GBPUSD,H1,nbeats_optuna,2.2258,True,2.3092,True,False,0.08340000000000014,2.5914,True,False,0.36560000000000015
GBPUSD_M30_ensemble_nn_optuna,GBPUSD,M30,ensemble_nn_optuna,2.4444,True,2.529,True,False,0.08460000000000001,2.8098,True,False,0.36540000000000017
USDCAD_M1_wavenet_optuna,USDCAD,M1,wavenet_optuna,0.3854,False,0.4943,False,False,0.1089,0.7498,False,False,0.3644
EURUSD_M30_tft_optuna,EURUSD,M30,tft_optuna,2.9494,True,3.0497,True,False,0.10030000000000028,3.3136,True,False,0.3642000000000003
AUDUSD_H1_ensemble_nn_optuna,AUDUSD,H1,ensemble_nn_optuna,3.9097,True,4.048,True,False,0.1383000000000001,4.2735,True,False,0.36380000000000035
GBPUSD_H1_lstm_optuna,GBPUSD,H1,lstm_optuna,2.4074,True,2.4912,True,False,0.0838000000000001,2.7711,True,False,0.36370000000000013
GBPUSD_M30_cnn1d_optuna,GBPUSD,M30,cnn1d_optuna,1.8855,True,1.9674,True,False,0.08190000000000008,2.2491,True,False,0.3635999999999999
USDCAD_M1_attention_net_optuna,USDCAD,M1,attention_net_optuna,0.3801,False,0.486,False,False,0.1059,0.7413,False,False,0.36119999999999997
GBPUSD_M30_tcn_optuna,GBPUSD,M30,tcn_optuna,1.9698,True,2.0511,True,False,0.08129999999999993,2.3306,True,False,0.3608
USDJPY_D1_xgb_optuna,USDJPY,D1,xgb_optuna,0.8103,False,0.9116,False,False,0.10129999999999995,1.1688,False,False,0.35850000000000004
USDCAD_M1_tabnet_optuna,USDCAD,M1,tabnet_optuna,0.5128,False,0.6271,False,False,0.11429999999999996,0.8681,False,False,0.35529999999999995
EURUSD_M15_lgb_optuna,EURUSD,M15,lgb_optuna,1.8913,True,1.9861,True,False,0.0948,2.2451,True,False,0.3537999999999999
USDCAD_M1_lstm_optuna,USDCAD,M1,lstm_optuna,0.3829,False,0.4874,False,False,0.10449999999999998,0.7366,False,False,0.3537
USDCAD_M1_residual_mlp_optuna,USDCAD,M1,residual_mlp_optuna,0.3781,False,0.4819,False,False,0.1038,0.7308,False,False,0.3527
AUDUSD_M15_nbeats_optuna,AUDUSD,M15,nbeats_optuna,2.0382,True,2.1684,True,False,0.13020000000000032,2.3903,True,False,0.3521000000000001
GBPUSD_M30_transformer_optuna,GBPUSD,M30,transformer_optuna,2.2845,True,2.3657,True,False,0.08119999999999994,2.6359,True,False,0.35139999999999993
USDCAD_M1_mlp_optuna,USDCAD,M1,mlp_optuna,0.3918,False,0.4961,False,False,0.1043,0.7402,False,False,0.3484
USDCAD_M1_ensemble_nn_optuna,USDCAD,M1,ensemble_nn_optuna,0.3377,False,0.437,False,False,0.0993,0.686,False,False,0.34830000000000005
EURUSD_M30_cat_v2_optuna,EURUSD,M30,cat_v2_optuna,2.7339,True,2.8298,True,False,0.09589999999999987,3.082,True,False,0.34809999999999963
AUDUSD_M5_cnn1d_optuna,AUDUSD,M5,cnn1d_optuna,0.7055,False,0.819,False,False,0.11349999999999993,1.0528,False,False,0.34729999999999994
AUDUSD_H1_cnn1d_optuna,AUDUSD,H1,cnn1d_optuna,2.8774,True,3.0075,True,False,0.13009999999999966,3.2236,True,False,0.3461999999999996
EURUSD_M30_transformer_optuna,EURUSD,M30,transformer_optuna,2.5763,True,2.6713,True,False,0.0950000000000002,2.9221,True,False,0.3458000000000001
EURUSD_M30_lstm_optuna,EURUSD,M30,lstm_optuna,2.7973,True,2.8925,True,False,0.09520000000000017,3.1428,True,False,0.3454999999999999
AUDUSD_M15_cnn1d_optuna,AUDUSD,M15,cnn1d_optuna,1.6989,True,1.8239,True,False,0.125,2.0423,True,False,0.3433999999999999
EURUSD_M5_nbeats_optuna,EURUSD,M5,nbeats_optuna,0.7847,False,0.8665,False,False,0.0818000000000001,1.128,False,False,0.34329999999999994
GBPUSD_M30_mlp_optuna,GBPUSD,M30,mlp_optuna,2.1169,True,2.1948,True,False,0.07790000000000008,2.4563,True,False,0.33940000000000037
USDCAD_M1_transformer_optuna,USDCAD,M1,transformer_optuna,0.3528,False,0.4512,False,False,0.09839999999999999,0.6919,False,False,0.33909999999999996
AUDUSD_M5_tabnet_optuna,AUDUSD,M5,tabnet_optuna,0.6383,False,0.7469,False,False,0.10860000000000003,0.9767,False,False,0.33840000000000003
EURUSD_M15_wavenet_optuna,EURUSD,M15,wavenet_optuna,1.5832,True,1.6724,True,False,0.08920000000000017,1.9212,True,False,0.3380000000000001
GBPUSD_M5_tcn_optuna,GBPUSD,M5,tcn_optuna,0.6633,False,0.7295,False,False,0.06620000000000004,1.0013,False,False,0.3380000000000001
USDCAD_M1_gru_optuna,USDCAD,M1,gru_optuna,0.3465,False,0.4441,False,False,0.09760000000000002,0.6845,False,False,0.338
EURUSD_M15_cat_v2_optuna,EURUSD,M15,cat_v2_optuna,1.8262,True,1.9168,True,False,0.09060000000000001,2.1637,True,False,0.3374999999999999
EURUSD_M15_tabnet_optuna,EURUSD,M15,tabnet_optuna,1.7887,True,1.8784,True,False,0.08970000000000011,2.1245,True,False,0.3357999999999999
GBPUSD_H1_tabnet_optuna,GBPUSD,H1,tabnet_optuna,2.1624,True,2.2392,True,False,0.07679999999999998,2.4974,True,False,0.33499999999999996
EURUSD_M15_transformer_optuna,EURUSD,M15,transformer_optuna,2.0101,True,2.1009,True,False,0.09080000000000021,2.3445,True,False,0.33440000000000003
AUDUSD_M1_xgb_optuna,AUDUSD,M1,xgb_optuna,0.3145,False,0.4076,False,False,0.09310000000000002,0.6474,False,False,0.3329
EURUSD_M5_lstm_optuna,EURUSD,M5,lstm_optuna,0.779,False,0.8586,False,False,0.0796,1.1114,False,False,0.3323999999999999
EURUSD_M15_xgb_v2_optuna,EURUSD,M15,xgb_v2_optuna,1.8518,True,1.9411,True,False,0.08930000000000016,2.1836,True,False,0.3318000000000003
AUDUSD_M1_cat_optuna,AUDUSD,M1,cat_optuna,0.3196,False,0.4123,False,False,0.0927,0.6493,False,False,0.3297
EURUSD_M30_gru_optuna,EURUSD,M30,gru_optuna,2.7473,True,2.8383,True,False,0.09099999999999975,3.0764,True,False,0.32909999999999995
USDCAD_H4_rf_optuna,USDCAD,H4,rf_optuna,1.636,False,1.7625,False,False,0.12650000000000006,1.9638,False,False,0.3278000000000001
USDCAD_H4_et_optuna,USDCAD,H4,et_optuna,1.573,False,1.6986,False,False,0.12560000000000016,1.8988,False,False,0.3258000000000001
AUDUSD_M1_lgb_v2_optuna,AUDUSD,M1,lgb_v2_optuna,0.3369,False,0.4292,False,False,0.09230000000000005,0.6616,False,False,0.3247
EURUSD_H4_xgb_optuna,EURUSD,H4,xgb_optuna,3.5781,False,3.6682,False,False,0.09010000000000007,3.9013,False,False,0.32319999999999993
AUDUSD_M30_attention_net_optuna,AUDUSD,M30,attention_net_optuna,2.4757,True,2.5968,True,False,0.12110000000000021,2.7985,True,False,0.3228000000000004
AUDUSD_M1_lgb_optuna,AUDUSD,M1,lgb_optuna,0.3374,False,0.4293,False,False,0.09190000000000004,0.66,False,False,0.32260000000000005
EURUSD_M1_xgb_optuna,EURUSD,M1,xgb_optuna,0.2906,False,0.3526,False,False,0.062,0.6129,False,False,0.3223
EURUSD_M5_gru_optuna,EURUSD,M5,gru_optuna,0.7608,False,0.8381,False,False,0.07729999999999992,1.0829,False,False,0.32209999999999994
EURUSD_M5_cnn1d_optuna,EURUSD,M5,cnn1d_optuna,0.6426,False,0.7174,False,False,0.07480000000000009,0.9646,False,False,0.32200000000000006
USDCHF_H4_rf_optuna,USDCHF,H4,rf_optuna,2.4144,False,2.5417,False,False,0.12729999999999997,2.736,False,False,0.3216000000000001
EURUSD_M1_cat_optuna,EURUSD,M1,cat_optuna,0.3181,False,0.3797,False,False,0.06159999999999999,0.637,False,False,0.3189
EURUSD_M5_wavenet_optuna,EURUSD,M5,wavenet_optuna,0.6182,False,0.6921,False,False,0.07390000000000008,0.9367,False,False,0.3185
USDCAD_M1_cnn1d_optuna,USDCAD,M1,cnn1d_optuna,0.3544,False,0.4488,False,False,0.09439999999999998,0.6715,False,False,0.3171
GBPUSD_M15_tcn_optuna,GBPUSD,M15,tcn_optuna,1.1831,False,1.2516,False,False,0.0685,1.5001,False,False,0.31699999999999995
EURUSD_M5_residual_mlp_optuna,EURUSD,M5,residual_mlp_optuna,0.8034,False,0.8801,False,False,0.07669999999999999,1.1192,False,False,0.31579999999999997
AUDUSD_M30_wavenet_optuna,AUDUSD,M30,wavenet_optuna,2.1414,True,2.2588,True,False,0.11739999999999995,2.4569,True,False,0.3155000000000001
AUDUSD_M1_cat_v2_optuna,AUDUSD,M1,cat_v2_optuna,0.3386,False,0.429,False,False,0.09039999999999998,0.6539,False,False,0.3153
EURUSD_M15_ensemble_nn_optuna,EURUSD,M15,ensemble_nn_optuna,1.8488,True,1.9338,True,False,0.08499999999999996,2.1631,True,False,0.3143
GBPUSD_H1_residual_mlp_optuna,GBPUSD,H1,residual_mlp_optuna,2.1138,True,2.186,True,False,0.07220000000000004,2.4262,True,False,0.31240000000000023
AUDUSD_M1_xgb_v2_optuna,AUDUSD,M1,xgb_v2_optuna,0.3399,False,0.4294,False,False,0.08950000000000002,0.6512,False,False,0.3113
EURUSD_M30_ensemble_nn_optuna,EURUSD,M30,ensemble_nn_optuna,2.6493,True,2.7352,True,False,0.08589999999999964,2.9602,True,False,0.31089999999999973
EURUSD_M15_tcn_optuna,EURUSD,M15,tcn_optuna,1.3456,True,1.4268,True,False,0.08120000000000016,1.6564,True,False,0.3108000000000002
AUDUSD_M30_transformer_optuna,AUDUSD,M30,transformer_optuna,2.5179,False,2.6347,False,False,0.11680000000000001,2.8277,False,False,0.3098000000000001
USDJPY_D1_tabnet_optuna,USDJPY,D1,tabnet_optuna,0.518,False,0.6011,False,False,0.08309999999999995,0.8265,False,False,0.3085
EURUSD_M1_lgb_v2_optuna,EURUSD,M1,lgb_v2_optuna,0.3201,False,0.3803,False,False,0.06020000000000003,0.6285,False,False,0.30839999999999995
EURUSD_M15_mlp_optuna,EURUSD,M15,mlp_optuna,1.7952,False,1.8782,False,False,0.08300000000000018,2.1028,False,False,0.3075999999999999
AUDUSD_M30_mlp_optuna,AUDUSD,M30,mlp_optuna,2.4964,True,2.6123,True,False,0.11589999999999989,2.8039,True,False,0.3075000000000001
EURUSD_M15_tft_optuna,EURUSD,M15,tft_optuna,1.764,True,1.847,True,False,0.08299999999999996,2.0714,True,False,0.3074000000000001
GBPUSD_H1_cat_v2_optuna,GBPUSD,H1,cat_v2_optuna,2.0478,True,2.1187,True,False,0.07089999999999996,2.3552,True,False,0.3073999999999999
EURUSD_M1_cat_v2_optuna,EURUSD,M1,cat_v2_optuna,0.3142,False,0.3737,False,False,0.0595,0.6202,False,False,0.306
EURUSD_M1_xgb_v2_optuna,EURUSD,M1,xgb_v2_optuna,0.3188,False,0.3784,False,False,0.05960000000000004,0.624,False,False,0.3052
USDJPY_D1_xgb_v2_optuna,USDJPY,D1,xgb_v2_optuna,0.6645,False,0.7508,False,False,0.08630000000000004,0.9696,False,False,0.30510000000000004
EURUSD_M5_tabnet_optuna,EURUSD,M5,tabnet_optuna,0.6921,False,0.7643,False,False,0.07219999999999993,0.997,False,False,0.30489999999999995
EURUSD_H1_residual_mlp_optuna,EURUSD,H1,residual_mlp_optuna,2.9357,True,3.02,True,False,0.08429999999999982,3.2394,True,False,0.30369999999999964
EURUSD_M1_residual_mlp_optuna,EURUSD,M1,residual_mlp_optuna,0.3326,False,0.3922,False,False,0.059599999999999986,0.6346,False,False,0.30200000000000005
EURUSD_M1_lgb_optuna,EURUSD,M1,lgb_optuna,0.311,False,0.37,False,False,0.059,0.6129,False,False,0.3019
AUDUSD_M30_gru_optuna,AUDUSD,M30,gru_optuna,2.4118,False,2.5255,False,False,0.11370000000000013,2.7137,False,False,0.30189999999999984
EURUSD_M1_mlp_optuna,EURUSD,M1,mlp_optuna,0.3375,False,0.3973,False,False,0.059799999999999964,0.6387,False,False,0.3012
USDCAD_M1_tcn_optuna,USDCAD,M1,tcn_optuna,0.3141,False,0.4003,False,False,0.0862,0.6148,False,False,0.3007
AUDUSD_M1_ensemble_nn_optuna,AUDUSD,M1,ensemble_nn_optuna,0.3234,False,0.4099,False,False,0.08649999999999997,0.6212,False,False,0.29779999999999995
AUDUSD_M1_lstm_optuna,AUDUSD,M1,lstm_optuna,0.3309,False,0.4169,False,False,0.08599999999999997,0.6278,False,False,0.2969
AUDUSD_M1_attention_net_optuna,AUDUSD,M1,attention_net_optuna,0.3442,False,0.4309,False,False,0.0867,0.6394,False,False,0.29519999999999996
AUDUSD_M1_mlp_optuna,AUDUSD,M1,mlp_optuna,0.3124,False,0.3969,False,False,0.08449999999999996,0.6074,False,False,0.29500000000000004
AUDUSD_M1_tft_optuna,AUDUSD,M1,tft_optuna,0.3231,False,0.4083,False,False,0.0852,0.6178,False,False,0.2947
EURUSD_M5_mlp_optuna,EURUSD,M5,mlp_optuna,0.7107,False,0.7814,False,False,0.07069999999999999,1.0042,False,False,0.2935
AUDUSD_M1_tabnet_optuna,AUDUSD,M1,tabnet_optuna,0.3047,False,0.3888,False,False,0.08409999999999995,0.5982,False,False,0.2934999999999999
EURUSD_M1_attention_net_optuna,EURUSD,M1,attention_net_optuna,0.3413,False,0.3998,False,False,0.058499999999999996,0.6343,False,False,0.293
EURUSD_M1_tft_optuna,EURUSD,M1,tft_optuna,0.3326,False,0.3905,False,False,0.05790000000000001,0.6247,False,False,0.2921
AUDUSD_M1_wavenet_optuna,AUDUSD,M1,wavenet_optuna,0.3025,False,0.386,False,False,0.08350000000000002,0.5945,False,False,0.29200000000000004
AUDUSD_M1_residual_mlp_optuna,AUDUSD,M1,residual_mlp_optuna,0.3125,False,0.3965,False,False,0.08400000000000002,0.6044,False,False,0.29190000000000005
EURUSD_M1_lstm_optuna,EURUSD,M1,lstm_optuna,0.3164,False,0.3737,False,False,0.05729999999999996,0.6073,False,False,0.29089999999999994
EURUSD_H4_cat_optuna,EURUSD,H4,cat_optuna,3.8157,False,3.8973,False,False,0.0815999999999999,4.1062,False,False,0.2905000000000002
AUDUSD_M1_gru_optuna,AUDUSD,M1,gru_optuna,0.3387,False,0.424,False,False,0.08529999999999999,0.6291,False,False,0.2904
EURUSD_M1_gru_optuna,EURUSD,M1,gru_optuna,0.326,False,0.3833,False,False,0.05729999999999996,0.6164,False,False,0.29039999999999994
EURUSD_M1_transformer_optuna,EURUSD,M1,transformer_optuna,0.3075,False,0.3639,False,False,0.056400000000000006,0.5968,False,False,0.2893
AUDUSD_M1_nbeats_optuna,AUDUSD,M1,nbeats_optuna,0.2973,False,0.3797,False,False,0.08239999999999997,0.5865,False,False,0.2892
EURUSD_M5_tcn_optuna,EURUSD,M5,tcn_optuna,0.5853,False,0.6528,False,False,0.0675,0.8743,False,False,0.2889999999999999
EURUSD_M5_tft_optuna,EURUSD,M5,tft_optuna,0.6778,False,0.7468,False,False,0.06900000000000006,0.9655,False,False,0.28770000000000007
EURUSD_M30_wavenet_optuna,EURUSD,M30,wavenet_optuna,2.227,True,2.306,True,False,0.07900000000000018,2.5145,True,False,0.2875000000000001
AUDUSD_M1_transformer_optuna,AUDUSD,M1,transformer_optuna,0.3135,False,0.3966,False,False,0.08310000000000001,0.6005,False,False,0.28700000000000003
EURUSD_H4_et_optuna,EURUSD,H4,et_optuna,2.6791,False,2.7582,False,False,0.07909999999999995,2.9657,False,False,0.28659999999999997
EURUSD_M1_nbeats_optuna,EURUSD,M1,nbeats_optuna,0.3163,False,0.3728,False,False,0.056499999999999995,0.601,False,False,0.28469999999999995
EURUSD_M30_mlp_optuna,EURUSD,M30,mlp_optuna,2.4973,True,2.5761,True,False,0.07879999999999976,2.7817,True,False,0.28439999999999976
EURUSD_M1_ensemble_nn_optuna,EURUSD,M1,ensemble_nn_optuna,0.2911,False,0.345,False,False,0.05389999999999995,0.5684,False,False,0.2773
AUDUSD_M1_cnn1d_optuna,AUDUSD,M1,cnn1d_optuna,0.3102,False,0.3906,False,False,0.08040000000000003,0.5872,False,False,0.2770000000000001
EURUSD_M30_tabnet_optuna,EURUSD,M30,tabnet_optuna,2.3224,True,2.3988,True,False,0.07640000000000002,2.5987,True,False,0.2763
EURUSD_M30_nbeats_optuna,EURUSD,M30,nbeats_optuna,2.4534,True,2.5301,True,False,0.07670000000000021,2.7291,True,False,0.27570000000000006
AUDUSD_M1_tcn_optuna,AUDUSD,M1,tcn_optuna,0.3277,False,0.4073,False,False,0.0796,0.6034,False,False,0.27570000000000006
USDJPY_D1_cat_v2_optuna,USDJPY,D1,cat_v2_optuna,0.6395,False,0.7184,False,False,0.07890000000000008,0.9147,False,False,0.2752
EURUSD_H4_lgb_v2_optuna,EURUSD,H4,lgb_v2_optuna,3.5148,False,3.5918,False,False,0.07699999999999996,3.7892,False,False,0.2744
EURUSD_M5_ensemble_nn_optuna,EURUSD,M5,ensemble_nn_optuna,0.6751,False,0.7413,False,False,0.06619999999999993,0.9488,False,False,0.27369999999999994
EURUSD_M1_wavenet_optuna,EURUSD,M1,wavenet_optuna,0.2736,False,0.3264,False,False,0.052800000000000014,0.5465,False,False,0.2729
AUDUSD_M30_cnn1d_optuna,AUDUSD,M30,cnn1d_optuna,1.8717,True,1.9717,True,False,0.10000000000000009,2.1401,True,False,0.26839999999999997
EURUSD_M1_cnn1d_optuna,EURUSD,M1,cnn1d_optuna,0.2725,False,0.3236,False,False,0.05109999999999998,0.5385,False,False,0.26599999999999996
EURUSD_M1_tcn_optuna,EURUSD,M1,tcn_optuna,0.3184,False,0.3702,False,False,0.05179999999999996,0.5814,False,False,0.263
EURUSD_H4_lgb_optuna,EURUSD,H4,lgb_optuna,3.8679,False,3.9417,False,False,0.07379999999999987,4.1297,False,False,0.2617999999999996
EURUSD_M15_attention_net_optuna,EURUSD,M15,attention_net_optuna,1.6386,True,1.7097,True,False,0.07109999999999994,1.8993,True,False,0.26069999999999993
EURUSD_M1_tabnet_optuna,EURUSD,M1,tabnet_optuna,0.2269,False,0.2729,False,False,0.045999999999999985,0.4772,False,False,0.2503
GBPUSD_H4_rf_optuna,GBPUSD,H4,rf_optuna,2.076,False,2.1344,False,False,0.058399999999999785,2.3257,False,False,0.2496999999999998
EURUSD_H1_transformer_optuna,EURUSD,H1,transformer_optuna,2.3413,False,2.4063,False,False,0.06499999999999995,2.5746,False,False,0.23330000000000028
GBPUSD_H1_tcn_optuna,GBPUSD,H1,tcn_optuna,1.8527,True,1.9064,True,False,0.05370000000000008,2.0828,False,False,0.2301000000000002
EURUSD_H4_xgb_v2_optuna,EURUSD,H4,xgb_v2_optuna,3.238,False,3.302,False,False,0.06400000000000006,3.465,False,False,0.22699999999999987
GBPUSD_H1_wavenet_optuna,GBPUSD,H1,wavenet_optuna,1.7202,False,1.7728,False,False,0.05259999999999998,1.9452,False,False,0.2250000000000001
GBPUSD_H1_attention_net_optuna,GBPUSD,H1,attention_net_optuna,1.8217,False,1.8737,False,False,0.051999999999999824,2.0434,False,False,0.2217
GBPUSD_H1_ensemble_nn_optuna,GBPUSD,H1,ensemble_nn_optuna,1.7418,True,1.7932,True,False,0.05139999999999989,1.9614,False,False,0.21960000000000002
GBPUSD_H1_cnn1d_optuna,GBPUSD,H1,cnn1d_optuna,1.6884,False,1.7372,False,False,0.04880000000000018,1.8969,False,False,0.20850000000000013
GBPUSD_H1_mlp_optuna,GBPUSD,H1,mlp_optuna,1.5789,False,1.6273,False,False,0.0484,1.7863,False,False,0.20740000000000003
EURUSD_M30_cnn1d_optuna,EURUSD,M30,cnn1d_optuna,1.7303,True,1.7875,True,False,0.05720000000000014,1.9373,True,False,0.20700000000000007
NZDUSD_H4_rf_optuna,NZDUSD,H4,rf_optuna,1.6277,False,1.731,False,False,0.10330000000000017,1.8324,False,False,0.2047000000000001
EURUSD_H4_cnn1d_optuna,EURUSD,H4,cnn1d_optuna,2.5118,True,2.5679,True,False,0.05609999999999982,2.7117,True,False,0.19989999999999997
GBPUSD_H4_et_optuna,GBPUSD,H4,et_optuna,1.6762,False,1.7214,False,False,0.04520000000000013,1.8685,False,False,0.19230000000000014
USDJPY_H4_xgb_optuna,USDJPY,H4,xgb_optuna,0.2249,False,0.2692,False,False,0.044300000000000006,0.4133,False,False,0.1884
NZDUSD_H4_et_optuna,NZDUSD,H4,et_optuna,1.5735,False,1.6686,False,False,0.09510000000000018,1.7614,False,False,0.18790000000000018
USDJPY_H4_residual_mlp_optuna,USDJPY,H4,residual_mlp_optuna,0.2164,False,0.26,False,False,0.0436,0.4035,False,False,0.18710000000000002
EURUSD_D1_rf_optuna,EURUSD,D1,rf_optuna,6.0452,False,6.0957,False,False,0.050499999999999545,6.2209,False,False,0.17569999999999997
EURUSD_H4_cat_v2_optuna,EURUSD,H4,cat_v2_optuna,2.6906,False,2.7372,False,False,0.0466000000000002,2.8546,False,False,0.16400000000000015
EURUSD_H4_rf_optuna,EURUSD,H4,rf_optuna,1.9895,True,2.0346,True,False,0.04510000000000014,2.1501,True,False,0.16060000000000008
USDJPY_D1_ensemble_nn_optuna,USDJPY,D1,ensemble_nn_optuna,0.3927,False,0.4388,False,False,0.04610000000000003,0.5526,False,False,0.1599
GBPUSD_H4_xgb_optuna,GBPUSD,H4,xgb_optuna,2.1495,True,2.1878,True,False,0.0383,2.3088,True,False,0.1593
EURUSD_H4_wavenet_optuna,EURUSD,H4,wavenet_optuna,2.3609,False,2.4044,False,False,0.04349999999999987,2.5144,False,False,0.1535000000000002
AUDUSD_H4_xgb_optuna,AUDUSD,H4,xgb_optuna,2.2343,False,2.2912,False,False,0.05689999999999973,2.3823,False,False,0.1479999999999997
NZDUSD_D1_et_optuna,NZDUSD,D1,et_optuna,3.4792,False,3.5559,False,False,0.07669999999999977,3.627,False,False,0.1477999999999997
USDJPY_H4_lgb_v2_optuna,USDJPY,H4,lgb_v2_optuna,0.167,False,0.201,False,False,0.034,0.3107,False,False,0.14369999999999997
USDJPY_H1_lgb_optuna,USDJPY,H1,lgb_optuna,0.1502,False,0.1821,False,False,0.03190000000000001,0.293,False,False,0.14279999999999998
EURUSD_H4_tft_optuna,EURUSD,H4,tft_optuna,2.4662,False,2.5068,False,False,0.04059999999999997,2.6088,False,False,0.14259999999999984
USDJPY_D1_mlp_optuna,USDJPY,D1,mlp_optuna,0.4042,False,0.4462,False,False,0.04199999999999998,0.5452,False,False,0.14100000000000001
AUDUSD_H4_tabnet_optuna,AUDUSD,H4,tabnet_optuna,1.8494,False,1.9034,False,False,0.05400000000000005,1.9902,False,False,0.14080000000000004
USDJPY_H4_lgb_optuna,USDJPY,H4,lgb_optuna,0.1559,False,0.1886,False,False,0.03269999999999998,0.2943,False,False,0.1384
GBPUSD_H4_lgb_v2_optuna,GBPUSD,H4,lgb_v2_optuna,1.7679,True,1.8012,True,False,0.033299999999999885,1.9062,True,False,0.13829999999999987
USDJPY_H1_mlp_optuna,USDJPY,H1,mlp_optuna,0.1693,False,0.2014,False,False,0.03209999999999999,0.3071,False,False,0.13779999999999998
EURUSD_H4_lstm_optuna,EURUSD,H4,lstm_optuna,2.1372,False,2.1763,False,False,0.03909999999999991,2.2747,False,False,0.13750000000000018
USDJPY_H1_tft_optuna,USDJPY,H1,tft_optuna,0.1611,False,0.1922,False,False,0.031100000000000017,0.2955,False,False,0.1344
USDJPY_H1_lgb_v2_optuna,USDJPY,H1,lgb_v2_optuna,0.1515,False,0.1819,False,False,0.03040000000000001,0.2845,False,False,0.13299999999999998
AUDUSD_H4_lgb_optuna,AUDUSD,H4,lgb_optuna,2.4106,False,2.462,False,False,0.05140000000000011,2.5433,False,False,0.13269999999999982
USDJPY_H1_lstm_optuna,USDJPY,H1,lstm_optuna,0.159,False,0.1897,False,False,0.030700000000000005,0.291,False,False,0.13199999999999998
USDJPY_H4_tft_optuna,USDJPY,H4,tft_optuna,0.1592,False,0.1899,False,False,0.030700000000000005,0.2909,False,False,0.13169999999999998
EURUSD_H4_transformer_optuna,EURUSD,H4,transformer_optuna,2.1096,False,2.1466,False,False,0.03699999999999992,2.2401,False,False,0.13050000000000006
GBPUSD_D1_et_optuna,GBPUSD,D1,et_optuna,4.7629,False,4.7951,False,False,0.03219999999999956,4.893,False,False,0.13009999999999966
USDJPY_H1_ensemble_nn_optuna,USDJPY,H1,ensemble_nn_optuna,0.1588,False,0.189,False,False,0.030200000000000005,0.2888,False,False,0.13
AUDUSD_H4_rf_optuna,AUDUSD,H4,rf_optuna,1.3633,False,1.4125,False,False,0.04920000000000013,1.4926,False,False,0.12929999999999997
EURUSD_H4_attention_net_optuna,EURUSD,H4,attention_net_optuna,2.2906,False,2.327,False,False,0.03639999999999999,2.4181,False,False,0.12749999999999995
USDJPY_H4_nbeats_optuna,USDJPY,H4,nbeats_optuna,0.1748,False,0.2055,False,False,0.030699999999999977,0.3013,False,False,0.1265
USDJPY_H1_xgb_v2_optuna,USDJPY,H1,xgb_v2_optuna,0.1437,False,0.1724,False,False,0.028700000000000003,0.2701,False,False,0.1264
USDJPY_H4_tcn_optuna,USDJPY,H4,tcn_optuna,0.1585,False,0.1881,False,False,0.029599999999999987,0.2841,False,False,0.12560000000000002
USDJPY_H1_cat_v2_optuna,USDJPY,H1,cat_v2_optuna,0.1493,False,0.1783,False,False,0.028999999999999998,0.2748,False,False,0.1255
AUDUSD_D1_rf_optuna,AUDUSD,D1,rf_optuna,4.2714,False,4.3205,False,False,0.049100000000000144,4.3969,False,False,0.12549999999999972
USDJPY_D1_tcn_optuna,USDJPY,D1,tcn_optuna,0.4479,False,0.4863,False,False,0.03839999999999999,0.5731,False,False,0.12520000000000003
USDJPY_H1_transformer_optuna,USDJPY,H1,transformer_optuna,0.166,False,0.1959,False,False,0.029899999999999982,0.2912,False,False,0.1252
USDJPY_H4_transformer_optuna,USDJPY,H4,transformer_optuna,0.1558,False,0.1854,False,False,0.029600000000000015,0.2808,False,False,0.125
USDJPY_H1_gru_optuna,USDJPY,H1,gru_optuna,0.1528,False,0.1819,False,False,0.029100000000000015,0.2776,False,False,0.12480000000000002
GBPUSD_H4_xgb_v2_optuna,GBPUSD,H4,xgb_v2_optuna,1.7914,True,1.8213,True,False,0.029899999999999816,1.9151,True,False,0.12369999999999992
AUDUSD_H4_lgb_v2_optuna,AUDUSD,H4,lgb_v2_optuna,2.2779,False,2.3254,False,False,0.04750000000000032,2.4007,False,False,0.12280000000000024
GBPUSD_H4_cat_optuna,GBPUSD,H4,cat_optuna,1.7448,False,1.7743,False,False,0.02950000000000008,1.8672,False,False,0.12240000000000006
USDJPY_D1_nbeats_optuna,USDJPY,D1,nbeats_optuna,0.384,False,0.4205,False,False,0.03649999999999998,0.5063,False,False,0.12229999999999996
AUDUSD_H4_xgb_v2_optuna,AUDUSD,H4,xgb_v2_optuna,1.9278,True,1.9748,True,False,0.04700000000000015,2.0496,True,False,0.12179999999999991
USDJPY_H1_attention_net_optuna,USDJPY,H1,attention_net_optuna,0.1528,False,0.1811,False,False,0.02830000000000002,0.2739,False,False,0.12109999999999999
USDJPY_H1_residual_mlp_optuna,USDJPY,H1,residual_mlp_optuna,0.1456,False,0.1735,False,False,0.02789999999999998,0.266,False,False,0.12040000000000001
AUDUSD_H4_cat_v2_optuna,AUDUSD,H4,cat_v2_optuna,1.7563,True,1.8025,True,False,0.04620000000000002,1.8763,True,False,0.1200000000000001
USDJPY_H4_cat_v2_optuna,USDJPY,H4,cat_v2_optuna,0.1472,False,0.1754,False,False,0.028200000000000003,0.2666,False,False,0.1194
USDJPY_D1_attention_net_optuna,USDJPY,D1,attention_net_optuna,0.4118,False,0.4484,False,False,0.03660000000000002,0.5311,False,False,0.11930000000000002
EURUSD_H4_ensemble_nn_optuna,EURUSD,H4,ensemble_nn_optuna,1.9612,True,1.9951,True,False,0.03390000000000004,2.08,True,False,0.11880000000000002
AUDUSD_H4_et_optuna,AUDUSD,H4,et_optuna,1.3557,False,1.4007,False,False,0.04500000000000015,1.4735,False,False,0.11780000000000013
USDJPY_D1_transformer_optuna,USDJPY,D1,transformer_optuna,0.3295,False,0.3639,False,False,0.034399999999999986,0.4472,False,False,0.11769999999999997
AUDUSD_H4_cat_optuna,AUDUSD,H4,cat_optuna,1.7571,True,1.8023,True,False,0.04519999999999991,1.8746,True,False,0.11749999999999994
GBPUSD_H4_lstm_optuna,GBPUSD,H4,lstm_optuna,1.3813,True,1.4093,True,False,0.028000000000000025,1.4984,True,False,0.11709999999999998
EURUSD_H4_residual_mlp_optuna,EURUSD,H4,residual_mlp_optuna,2.1546,True,2.1878,True,False,0.03320000000000034,2.2709,True,False,0.11630000000000029
EURUSD_D1_et_optuna,EURUSD,D1,et_optuna,3.7293,False,3.7626,False,False,0.03330000000000011,3.845,False,False,0.11570000000000036
USDJPY_H4_gru_optuna,USDJPY,H4,gru_optuna,0.1535,False,0.1814,False,False,0.027900000000000008,0.269,False,False,0.11550000000000002
GBPUSD_H4_tft_optuna,GBPUSD,H4,tft_optuna,1.4954,False,1.5232,False,False,0.027800000000000047,1.6108,False,False,0.11539999999999995
USDJPY_H4_mlp_optuna,USDJPY,H4,mlp_optuna,0.1447,False,0.1718,False,False,0.027100000000000013,0.2594,False,False,0.11470000000000002
USDJPY_D1_cnn1d_optuna,USDJPY,D1,cnn1d_optuna,0.5739,False,0.6101,False,False,0.03620000000000001,0.688,False,False,0.11409999999999998
GBPUSD_H4_wavenet_optuna,GBPUSD,H4,wavenet_optuna,1.4873,False,1.5147,False,False,0.02739999999999987,1.6013,False,False,0.11399999999999988
USDJPY_H4_attention_net_optuna,USDJPY,H4,attention_net_optuna,0.1363,False,0.1625,False,False,0.0262,0.2485,False,False,0.1122
USDJPY_H4_lstm_optuna,USDJPY,H4,lstm_optuna,0.141,False,0.1671,False,False,0.026100000000000012,0.2525,False,False,0.11150000000000002
GBPUSD_H4_cat_v2_optuna,GBPUSD,H4,cat_v2_optuna,1.6621,False,1.6888,False,False,0.026700000000000168,1.7726,False,False,0.11050000000000004
EURUSD_H4_gru_optuna,EURUSD,H4,gru_optuna,2.1549,False,2.1863,False,False,0.031400000000000095,2.2643,False,False,0.10939999999999994
AUDUSD_D1_cat_optuna,AUDUSD,D1,cat_optuna,3.7677,False,3.8103,False,False,0.04259999999999975,3.8765,False,False,0.10880000000000001
USDJPY_H1_xgb_optuna,USDJPY,H1,xgb_optuna,0.1135,False,0.1374,False,False,0.02389999999999999,0.2217,False,False,0.1082
USDJPY_H1_tcn_optuna,USDJPY,H1,tcn_optuna,0.1345,False,0.1597,False,False,0.0252,0.2423,False,False,0.10779999999999998
USDJPY_H1_nbeats_optuna,USDJPY,H1,nbeats_optuna,0.1297,False,0.1546,False,False,0.024899999999999978,0.2372,False,False,0.10749999999999998
USDJPY_H4_tabnet_optuna,USDJPY,H4,tabnet_optuna,0.1438,False,0.1696,False,False,0.02579999999999999,0.2503,False,False,0.10650000000000001
USDJPY_H4_ensemble_nn_optuna,USDJPY,H4,ensemble_nn_optuna,0.1306,False,0.1554,False,False,0.024800000000000016,0.237,False,False,0.1064
USDJPY_H1_tabnet_optuna,USDJPY,H1,tabnet_optuna,0.1297,False,0.1545,False,False,0.02479999999999999,0.236,False,False,0.10629999999999998
USDJPY_H4_xgb_v2_optuna,USDJPY,H4,xgb_v2_optuna,0.1304,False,0.1552,False,False,0.024800000000000016,0.2355,False,False,0.1051
EURUSD_D1_tabnet_optuna,EURUSD,D1,tabnet_optuna,2.8413,False,2.8699,False,False,0.02859999999999996,2.9406,False,False,0.09929999999999994
USDJPY_H4_cat_optuna,USDJPY,H4,cat_optuna,0.1028,False,0.1249,False,False,0.022099999999999995,0.201,False,False,0.09820000000000001
EURUSD_H4_nbeats_optuna,EURUSD,H4,nbeats_optuna,1.8992,False,1.9272,False,False,0.028000000000000025,1.997,False,False,0.09780000000000011
GBPUSD_H4_tcn_optuna,GBPUSD,H4,tcn_optuna,1.2511,False,1.2743,False,False,0.023199999999999887,1.3477,False,False,0.0965999999999998
USDCAD_D1_et_optuna,USDCAD,D1,et_optuna,2.6334,False,2.6728,False,False,0.0394000000000001,2.7288,False,False,0.09540000000000015
USDJPY_H1_et_optuna,USDJPY,H1,et_optuna,0.1014,False,0.1226,False,False,0.021199999999999997,0.1953,False,False,0.0939
EURUSD_H4_mlp_optuna,EURUSD,H4,mlp_optuna,2.0175,True,2.0444,True,False,0.026899999999999924,2.1112,True,False,0.09370000000000012
USDCAD_D1_rf_optuna,USDCAD,D1,rf_optuna,2.76,False,2.7984,False,False,0.03840000000000021,2.8527,False,False,0.09270000000000023
USDJPY_H1_wavenet_optuna,USDJPY,H1,wavenet_optuna,0.1111,False,0.1321,False,False,0.02099999999999999,0.2012,False,False,0.09009999999999999
USDJPY_D1_residual_mlp_optuna,USDJPY,D1,residual_mlp_optuna,0.186,False,0.2105,False,False,0.024499999999999994,0.2746,False,False,0.08860000000000001
GBPUSD_H4_cnn1d_optuna,GBPUSD,H4,cnn1d_optuna,1.2053,False,1.2264,False,False,0.021099999999999897,1.2931,False,False,0.08779999999999988
USDJPY_D1_lstm_optuna,USDJPY,D1,lstm_optuna,0.3464,False,0.3735,False,False,0.027100000000000013,0.4337,False,False,0.08729999999999999
GBPUSD_H4_nbeats_optuna,GBPUSD,H4,nbeats_optuna,1.3265,False,1.3473,False,False,0.02079999999999993,1.4126,False,False,0.08610000000000007
USDJPY_H4_et_optuna,USDJPY,H4,et_optuna,0.1019,False,0.1218,False,False,0.0199,0.1873,False,False,0.08539999999999999
USDJPY_D1_gru_optuna,USDJPY,D1,gru_optuna,0.3299,False,0.3562,False,False,0.02629999999999999,0.4152,False,False,0.08529999999999999
USDJPY_D1_tft_optuna,USDJPY,D1,tft_optuna,0.4458,False,0.4726,False,False,0.026800000000000046,0.5304,False,False,0.08460000000000001
USDJPY_H1_cat_optuna,USDJPY,H1,cat_optuna,0.0862,False,0.1044,False,False,0.018200000000000008,0.1691,False,False,0.0829
GBPUSD_H4_transformer_optuna,GBPUSD,H4,transformer_optuna,1.2789,False,1.2989,False,False,0.020000000000000018,1.3615,False,False,0.0826
GBPUSD_H4_attention_net_optuna,GBPUSD,H4,attention_net_optuna,1.367,False,1.3866,False,False,0.019600000000000062,1.4479,False,False,0.08089999999999997
USDJPY_D1_wavenet_optuna,USDJPY,D1,wavenet_optuna,0.5418,False,0.5677,False,False,0.025900000000000034,0.6219,False,False,0.08010000000000006
USDJPY_H4_wavenet_optuna,USDJPY,H4,wavenet_optuna,0.0883,False,0.1058,False,False,0.0175,0.1658,False,False,0.0775
USDJPY_H1_cnn1d_optuna,USDJPY,H1,cnn1d_optuna,0.0979,False,0.1159,False,False,0.018000000000000002,0.1742,False,False,0.07629999999999999
GBPUSD_H4_tabnet_optuna,GBPUSD,H4,tabnet_optuna,1.11,False,1.1282,False,False,0.018199999999999994,1.1853,False,False,0.07529999999999992
USDCHF_D1_rf_optuna,USDCHF,D1,rf_optuna,2.1846,False,2.2156,False,False,0.030999999999999694,2.2596,False,False,0.07499999999999973
GBPUSD_D1_cat_optuna,GBPUSD,D1,cat_optuna,2.4961,False,2.5143,False,False,0.018199999999999772,2.57,False,False,0.07389999999999963
USDJPY_H4_rf_optuna,USDJPY,H4,rf_optuna,0.07,False,0.0857,False,False,0.015699999999999992,0.1426,False,False,0.0726
GBPUSD_H4_mlp_optuna,GBPUSD,H4,mlp_optuna,1.24,False,1.2576,False,False,0.01760000000000006,1.3125,False,False,0.07250000000000001
AUDUSD_D1_et_optuna,AUDUSD,D1,et_optuna,2.9404,False,2.9686,False,False,0.028200000000000003,3.0122,False,False,0.07180000000000009
USDJPY_H1_rf_optuna,USDJPY,H1,rf_optuna,0.0746,False,0.0898,False,False,0.015200000000000005,0.1445,False,False,0.06989999999999999
NZDUSD_D1_rf_optuna,NZDUSD,D1,rf_optuna,1.9153,False,1.9504,False,False,0.03509999999999991,1.9827,False,False,0.0673999999999999
GBPUSD_H4_ensemble_nn_optuna,GBPUSD,H4,ensemble_nn_optuna,1.1391,False,1.1553,False,False,0.016199999999999992,1.2056,False,False,0.0665
AUDUSD_D1_cat_v2_optuna,AUDUSD,D1,cat_v2_optuna,3.2453,False,3.2704,False,False,0.025100000000000122,3.309,False,False,0.06370000000000031
USDJPY_H4_cnn1d_optuna,USDJPY,H4,cnn1d_optuna,0.0749,False,0.0893,False,False,0.01440000000000001,0.1379,False,False,0.063
AUDUSD_H4_lstm_optuna,AUDUSD,H4,lstm_optuna,1.2038,False,1.2265,False,False,0.022699999999999942,1.2621,False,False,0.05830000000000002
GBPUSD_H4_gru_optuna,GBPUSD,H4,gru_optuna,0.9968,False,1.0098,False,False,0.013000000000000012,1.0501,False,False,0.053300000000000014
AUDUSD_H4_nbeats_optuna,AUDUSD,H4,nbeats_optuna,1.0035,False,1.0241,False,False,0.02059999999999995,1.0566,False,False,0.053099999999999925
GBPUSD_H4_residual_mlp_optuna,GBPUSD,H4,residual_mlp_optuna,1.1331,False,1.146,False,False,0.012899999999999912,1.1858,False,False,0.05269999999999997
EURUSD_D1_cat_optuna,EURUSD,D1,cat_optuna,2.8479,False,2.8631,False,False,0.015200000000000102,2.9002,False,False,0.05229999999999979
AUDUSD_H4_tcn_optuna,AUDUSD,H4,tcn_optuna,0.9523,False,0.9725,False,False,0.020199999999999996,1.0043,False,False,0.051999999999999935
AUDUSD_H4_attention_net_optuna,AUDUSD,H4,attention_net_optuna,1.108,False,1.1281,False,False,0.020100000000000007,1.1595,False,False,0.05149999999999988
AUDUSD_H4_transformer_optuna,AUDUSD,H4,transformer_optuna,1.0073,False,1.0269,False,False,0.01959999999999984,1.0578,False,False,0.05049999999999999
AUDUSD_H4_gru_optuna,AUDUSD,H4,gru_optuna,1.066,False,1.0856,False,False,0.01959999999999984,1.1162,False,False,0.05020000000000002
AUDUSD_H4_cnn1d_optuna,AUDUSD,H4,cnn1d_optuna,1.5605,False,1.5798,False,False,0.019300000000000095,1.6097,False,False,0.04919999999999991
AUDUSD_D1_lgb_v2_optuna,AUDUSD,D1,lgb_v2_optuna,2.4942,False,2.5128,False,False,0.018599999999999728,2.5413,False,False,0.04709999999999992
AUDUSD_D1_xgb_v2_optuna,AUDUSD,D1,xgb_v2_optuna,2.5144,False,2.5317,False,False,0.01729999999999965,2.5585,False,False,0.044099999999999806
GBPUSD_D1_rf_optuna,GBPUSD,D1,rf_optuna,2.4789,True,2.4897,True,False,0.010800000000000143,2.5221,True,False,0.04320000000000013
AUDUSD_D1_xgb_optuna,AUDUSD,D1,xgb_optuna,2.5296,False,2.5455,False,False,0.015900000000000247,2.5699,False,False,0.040300000000000225
AUDUSD_H4_residual_mlp_optuna,AUDUSD,H4,residual_mlp_optuna,0.8805,False,0.8957,False,False,0.015200000000000102,0.9194,False,False,0.038900000000000046
AUDUSD_D1_tabnet_optuna,AUDUSD,D1,tabnet_optuna,2.2598,False,2.2749,False,False,0.015100000000000335,2.298,False,False,0.038200000000000234
USDJPY_M15_nbeats_optuna,USDJPY,M15,nbeats_optuna,0.0489,False,0.0579,False,False,0.009000000000000001,0.0869,False,False,0.038000000000000006
USDJPY_M15_gru_optuna,USDJPY,M15,gru_optuna,0.048,False,0.0568,False,False,0.008800000000000002,0.085,False,False,0.037000000000000005
USDJPY_M15_attention_net_optuna,USDJPY,M15,attention_net_optuna,0.0481,False,0.0568,False,False,0.008700000000000006,0.0851,False,False,0.037
USDJPY_M15_mlp_optuna,USDJPY,M15,mlp_optuna,0.0478,False,0.0565,False,False,0.0087,0.0844,False,False,0.0366
USDCHF_D1_et_optuna,USDCHF,D1,et_optuna,1.1399,False,1.1549,False,False,0.015000000000000124,1.1761,False,False,0.03620000000000001
AUDUSD_H4_ensemble_nn_optuna,AUDUSD,H4,ensemble_nn_optuna,0.7765,False,0.7903,False,False,0.013800000000000034,0.812,False,False,0.03550000000000009
AUDUSD_D1_wavenet_optuna,AUDUSD,D1,wavenet_optuna,1.769,False,1.7829,False,False,0.013900000000000023,1.8044,False,False,0.0354000000000001
GBPUSD_D1_lgb_optuna,GBPUSD,D1,lgb_optuna,2.3643,False,2.373,False,False,0.008700000000000152,2.3995,False,False,0.03520000000000012
USDJPY_M15_residual_mlp_optuna,USDJPY,M15,residual_mlp_optuna,0.0453,False,0.0536,False,False,0.008300000000000002,0.0804,False,False,0.0351
USDJPY_M15_lstm_optuna,USDJPY,M15,lstm_optuna,0.045,False,0.0532,False,False,0.008199999999999999,0.08,False,False,0.035
USDJPY_M15_ensemble_nn_optuna,USDJPY,M15,ensemble_nn_optuna,0.0447,False,0.0529,False,False,0.008200000000000006,0.0793,False,False,0.0346
USDJPY_M15_cat_v2_optuna,USDJPY,M15,cat_v2_optuna,0.0426,False,0.0505,False,False,0.007900000000000004,0.0761,False,False,0.0335
USDJPY_M15_transformer_optuna,USDJPY,M15,transformer_optuna,0.0437,False,0.0516,False,False,0.007899999999999997,0.0772,False,False,0.0335
AUDUSD_D1_lgb_optuna,AUDUSD,D1,lgb_optuna,2.3361,False,2.3491,False,False,0.0129999999999999,2.3691,False,False,0.03299999999999992
USDJPY_M15_xgb_v2_optuna,USDJPY,M15,xgb_v2_optuna,0.0421,False,0.0499,False,False,0.007800000000000001,0.075,False,False,0.0329
USDJPY_M15_tabnet_optuna,USDJPY,M15,tabnet_optuna,0.0398,False,0.0471,False,False,0.007300000000000001,0.0709,False,False,0.031100000000000003
EURUSD_D1_tft_optuna,EURUSD,D1,tft_optuna,1.4332,False,1.4421,False,False,0.008899999999999908,1.4639,False,False,0.03069999999999995
GBPUSD_D1_xgb_optuna,GBPUSD,D1,xgb_optuna,2.0937,False,2.1013,False,False,0.007600000000000051,2.1241,False,False,0.03039999999999976
USDJPY_M15_tft_optuna,USDJPY,M15,tft_optuna,0.037,False,0.0439,False,False,0.006900000000000003,0.0663,False,False,0.0293
USDJPY_M15_lgb_v2_optuna,USDJPY,M15,lgb_v2_optuna,0.037,False,0.0438,False,False,0.0068000000000000005,0.0662,False,False,0.029199999999999997
AUDUSD_D1_tcn_optuna,AUDUSD,D1,tcn_optuna,1.3146,False,1.3259,False,False,0.011300000000000088,1.3433,False,False,0.028699999999999948
AUDUSD_H4_wavenet_optuna,AUDUSD,H4,wavenet_optuna,1.5746,False,1.5857,False,False,0.01110000000000011,1.6026,False,False,0.028000000000000025
GBPUSD_D1_tabnet_optuna,GBPUSD,D1,tabnet_optuna,1.6052,False,1.612,False,False,0.006800000000000139,1.6328,False,False,0.02760000000000007
EURUSD_H4_tabnet_optuna,EURUSD,H4,tabnet_optuna,1.1672,False,1.1749,False,False,0.00770000000000004,1.1937,False,False,0.026499999999999968
EURUSD_D1_cat_v2_optuna,EURUSD,D1,cat_v2_optuna,1.8663,True,1.8738,True,False,0.00749999999999984,1.8922,True,False,0.025900000000000034
USDJPY_M15_tcn_optuna,USDJPY,M15,tcn_optuna,0.0326,False,0.0386,False,False,0.006000000000000005,0.058,False,False,0.025400000000000006
USDJPY_M15_lgb_optuna,USDJPY,M15,lgb_optuna,0.0316,False,0.0375,False,False,0.0058999999999999955,0.0569,False,False,0.025299999999999996
AUDUSD_D1_nbeats_optuna,AUDUSD,D1,nbeats_optuna,1.8808,False,1.8905,False,False,0.009700000000000042,1.9053,False,False,0.024499999999999966
EURUSD_D1_xgb_optuna,EURUSD,D1,xgb_optuna,2.1569,False,2.1638,False,False,0.00690000000000035,2.1807,False,False,0.023800000000000043
EURUSD_D1_xgb_v2_optuna,EURUSD,D1,xgb_v2_optuna,1.713,True,1.7199,True,False,0.006899999999999906,1.7367,True,False,0.023699999999999832
USDJPY_M15_cat_optuna,USDJPY,M15,cat_optuna,0.0291,False,0.0345,False,False,0.005400000000000002,0.0523,False,False,0.0232
EURUSD_D1_residual_mlp_optuna,EURUSD,D1,residual_mlp_optuna,1.5813,False,1.588,False,False,0.00670000000000015,1.6043,False,False,0.02300000000000013
AUDUSD_D1_cnn1d_optuna,AUDUSD,D1,cnn1d_optuna,1.6795,False,1.6886,False,False,0.009100000000000108,1.7025,False,False,0.02299999999999991
USDJPY_M15_wavenet_optuna,USDJPY,M15,wavenet_optuna,0.0293,False,0.0347,False,False,0.005400000000000002,0.052,False,False,0.022699999999999998
EURUSD_D1_lgb_optuna,EURUSD,D1,lgb_optuna,1.9478,False,1.954,False,False,0.006199999999999983,1.969,False,False,0.021200000000000108
USDJPY_M15_cnn1d_optuna,USDJPY,M15,cnn1d_optuna,0.0265,False,0.0315,False,False,0.005000000000000001,0.0473,False,False,0.020800000000000003
USDJPY_M5_tcn_optuna,USDJPY,M5,tcn_optuna,0.0252,False,0.0297,False,False,0.0045000000000000005,0.0442,False,False,0.019000000000000003
USDJPY_M15_xgb_optuna,USDJPY,M15,xgb_optuna,0.0227,False,0.0271,False,False,0.004399999999999998,0.0415,False,False,0.0188
AUDUSD_D1_attention_net_optuna,AUDUSD,D1,attention_net_optuna,1.4206,False,1.428,False,False,0.007399999999999851,1.4394,False,False,0.018799999999999928
AUDUSD_D1_residual_mlp_optuna,AUDUSD,D1,residual_mlp_optuna,1.3216,False,1.329,False,False,0.007399999999999851,1.3404,False,False,0.018799999999999928
EURUSD_D1_lgb_v2_optuna,EURUSD,D1,lgb_v2_optuna,1.5847,False,1.5901,False,False,0.005400000000000071,1.6031,False,False,0.018399999999999972
GBPUSD_D1_cat_v2_optuna,GBPUSD,D1,cat_v2_optuna,1.3635,False,1.3679,False,False,0.0043999999999999595,1.3815,False,False,0.018000000000000016
AUDUSD_D1_tft_optuna,AUDUSD,D1,tft_optuna,1.2162,False,1.2231,False,False,0.006900000000000128,1.2337,False,False,0.01750000000000007
GBPUSD_D1_gru_optuna,GBPUSD,D1,gru_optuna,1.2482,False,1.2524,False,False,0.0041999999999999815,1.265,False,False,0.016799999999999926
AUDUSD_D1_mlp_optuna,AUDUSD,D1,mlp_optuna,1.2827,False,1.2891,False,False,0.006399999999999961,1.2989,False,False,0.016199999999999992
AUDUSD_D1_gru_optuna,AUDUSD,D1,gru_optuna,1.544,False,1.5503,False,False,0.006299999999999972,1.56,False,False,0.016000000000000014
AUDUSD_D1_ensemble_nn_optuna,AUDUSD,D1,ensemble_nn_optuna,1.291,False,1.2973,False,False,0.006299999999999972,1.307,False,False,0.016000000000000014
EURUSD_D1_transformer_optuna,EURUSD,D1,transformer_optuna,1.4053,False,1.4099,False,False,0.0045999999999999375,1.4211,False,False,0.015800000000000036
AUDUSD_D1_transformer_optuna,AUDUSD,D1,transformer_optuna,1.2142,False,1.2204,False,False,0.006199999999999983,1.23,False,False,0.015800000000000036
USDJPY_M15_et_optuna,USDJPY,M15,et_optuna,0.0198,False,0.0235,False,False,0.0036999999999999984,0.0356,False,False,0.015799999999999998
GBPUSD_D1_lgb_v2_optuna,GBPUSD,D1,lgb_v2_optuna,1.0873,False,1.0911,False,False,0.0038000000000000256,1.1028,False,False,0.01550000000000007
USDJPY_M15_rf_optuna,USDJPY,M15,rf_optuna,0.019,False,0.0226,False,False,0.003599999999999999,0.0344,False,False,0.0154
GBPUSD_D1_transformer_optuna,GBPUSD,D1,transformer_optuna,0.9758,False,0.9796,False,False,0.0038000000000000256,0.9912,False,False,0.01539999999999997
AUDUSD_D1_lstm_optuna,AUDUSD,D1,lstm_optuna,1.3438,False,1.3497,False,False,0.005899999999999794,1.3587,False,False,0.014899999999999913
GBPUSD_D1_xgb_v2_optuna,GBPUSD,D1,xgb_v2_optuna,1.0527,False,1.0564,False,False,0.0037000000000000366,1.0673,False,False,0.014599999999999946
USDJPY_M5_gru_optuna,USDJPY,M5,gru_optuna,0.0179,False,0.0212,False,False,0.003300000000000001,0.0319,False,False,0.013999999999999999
USDJPY_M5_lstm_optuna,USDJPY,M5,lstm_optuna,0.0177,False,0.0209,False,False,0.003199999999999998,0.0314,False,False,0.013699999999999997
EURUSD_D1_attention_net_optuna,EURUSD,D1,attention_net_optuna,1.33,False,1.3339,False,False,0.0039000000000000146,1.3434,False,False,0.013399999999999856
USDJPY_M5_attention_net_optuna,USDJPY,M5,attention_net_optuna,0.0171,False,0.0203,False,False,0.003199999999999998,0.0304,False,False,0.0133
USDJPY_M5_tft_optuna,USDJPY,M5,tft_optuna,0.0159,False,0.0188,False,False,0.0029,0.0283,False,False,0.012399999999999998
USDJPY_M5_transformer_optuna,USDJPY,M5,transformer_optuna,0.0157,False,0.0186,False,False,0.0029,0.0278,False,False,0.0121
USDJPY_M5_nbeats_optuna,USDJPY,M5,nbeats_optuna,0.0157,False,0.0185,False,False,0.0028000000000000004,0.0278,False,False,0.0121
GBPUSD_D1_ensemble_nn_optuna,GBPUSD,D1,ensemble_nn_optuna,1.0845,False,1.0874,False,False,0.0028999999999999027,1.0962,False,False,0.011700000000000044
EURUSD_D1_nbeats_optuna,EURUSD,D1,nbeats_optuna,1.1401,False,1.1434,False,False,0.0033000000000000806,1.1515,False,False,0.011400000000000077
GBPUSD_D1_lstm_optuna,GBPUSD,D1,lstm_optuna,1.0153,False,1.0181,False,False,0.0027999999999999137,1.0267,False,False,0.011399999999999855
USDJPY_M5_residual_mlp_optuna,USDJPY,M5,residual_mlp_optuna,0.0142,False,0.0168,False,False,0.002599999999999998,0.0252,False,False,0.011
USDJPY_M5_ensemble_nn_optuna,USDJPY,M5,ensemble_nn_optuna,0.0141,False,0.0167,False,False,0.0026,0.025,False,False,0.010900000000000002
USDJPY_M5_tabnet_optuna,USDJPY,M5,tabnet_optuna,0.0139,False,0.0165,False,False,0.0026000000000000016,0.0248,False,False,0.0109
USDJPY_M5_lgb_v2_optuna,USDJPY,M5,lgb_v2_optuna,0.0139,False,0.0164,False,False,0.0025000000000000022,0.0247,False,False,0.0108
USDJPY_M5_mlp_optuna,USDJPY,M5,mlp_optuna,0.0139,False,0.0164,False,False,0.0025000000000000022,0.0247,False,False,0.0108
USDJPY_M5_xgb_v2_optuna,USDJPY,M5,xgb_v2_optuna,0.0136,False,0.0161,False,False,0.0025000000000000005,0.0242,False,False,0.0106
USDJPY_M5_cat_v2_optuna,USDJPY,M5,cat_v2_optuna,0.0135,False,0.016,False,False,0.0025000000000000005,0.0241,False,False,0.0106
GBPUSD_D1_mlp_optuna,GBPUSD,D1,mlp_optuna,0.91,False,0.9127,False,False,0.0026999999999999247,0.9206,False,False,0.010599999999999943
EURUSD_D1_mlp_optuna,EURUSD,D1,mlp_optuna,1.0306,False,1.0335,False,False,0.0029000000000001247,1.0407,False,False,0.010099999999999998
USDJPY_M5_lgb_optuna,USDJPY,M5,lgb_optuna,0.0119,False,0.0142,False,False,0.0023,0.0213,False,False,0.009399999999999999
GBPUSD_D1_attention_net_optuna,GBPUSD,D1,attention_net_optuna,0.8234,False,0.8257,False,False,0.0022999999999999687,0.8327,False,False,0.009299999999999975
GBPUSD_D1_nbeats_optuna,GBPUSD,D1,nbeats_optuna,0.6714,False,0.6737,False,False,0.0022999999999999687,0.6807,False,False,0.009299999999999975
GBPUSD_D1_residual_mlp_optuna,GBPUSD,D1,residual_mlp_optuna,0.8852,False,0.8875,False,False,0.0022999999999999687,0.8942,False,False,0.009000000000000008
USDJPY_M5_wavenet_optuna,USDJPY,M5,wavenet_optuna,0.0107,False,0.0127,False,False,0.002,0.0191,False,False,0.0084
USDJPY_M5_cat_optuna,USDJPY,M5,cat_optuna,0.0095,False,0.0113,False,False,0.0017999999999999995,0.0171,False,False,0.007600000000000001
USDJPY_M5_cnn1d_optuna,USDJPY,M5,cnn1d_optuna,0.0097,False,0.0115,False,False,0.0017999999999999995,0.0173,False,False,0.007599999999999999
USDJPY_M5_xgb_optuna,USDJPY,M5,xgb_optuna,0.0089,False,0.0106,False,False,0.0017000000000000001,0.016,False,False,0.0071
GBPUSD_D1_tcn_optuna,GBPUSD,D1,tcn_optuna,0.6159,False,0.6176,False,False,0.0017000000000000348,0.6228,False,False,0.006900000000000017
GBPUSD_D1_tft_optuna,GBPUSD,D1,tft_optuna,0.6412,False,0.6429,False,False,0.0017000000000000348,0.6478,False,False,0.00660000000000005
GBPUSD_D1_cnn1d_optuna,GBPUSD,D1,cnn1d_optuna,0.8289,False,0.8306,False,False,0.0017000000000000348,0.8354,False,False,0.006500000000000061
EURUSD_D1_gru_optuna,EURUSD,D1,gru_optuna,0.9952,False,0.9967,False,False,0.0015000000000000568,1.0005,False,False,0.005299999999999971
USDJPY_M5_rf_optuna,USDJPY,M5,rf_optuna,0.0058,False,0.0069,False,False,0.0011000000000000003,0.0105,False,False,0.004700000000000001
USDJPY_M1_tcn_optuna,USDJPY,M1,tcn_optuna,0.0059,False,0.007,False,False,0.0011000000000000003,0.0106,False,False,0.0047
USDJPY_M1_lstm_optuna,USDJPY,M1,lstm_optuna,0.0058,False,0.0069,False,False,0.0011000000000000003,0.0103,False,False,0.0045000000000000005
USDJPY_M1_gru_optuna,USDJPY,M1,gru_optuna,0.0057,False,0.0068,False,False,0.0010999999999999994,0.0102,False,False,0.0045000000000000005
USDJPY_M1_attention_net_optuna,USDJPY,M1,attention_net_optuna,0.0058,False,0.0068,False,False,0.001,0.0103,False,False,0.0045000000000000005
USDJPY_M1_ensemble_nn_optuna,USDJPY,M1,ensemble_nn_optuna,0.0055,False,0.0065,False,False,0.001,0.0098,False,False,0.0043
USDJPY_M1_wavenet_optuna,USDJPY,M1,wavenet_optuna,0.0055,False,0.0065,False,False,0.001,0.0097,False,False,0.004200000000000001
USDJPY_M1_nbeats_optuna,USDJPY,M1,nbeats_optuna,0.0055,False,0.0065,False,False,0.001,0.0097,False,False,0.004200000000000001
USDJPY_M5_et_optuna,USDJPY,M5,et_optuna,0.0051,False,0.0061,False,False,0.001,0.0093,False,False,0.004199999999999999
USDJPY_M1_cat_v2_optuna,USDJPY,M1,cat_v2_optuna,0.0053,False,0.0062,False,False,0.0008999999999999998,0.0094,False,False,0.0041
USDJPY_M1_tft_optuna,USDJPY,M1,tft_optuna,0.0053,False,0.0063,False,False,0.001,0.0094,False,False,0.0041
GBPUSD_D1_wavenet_optuna,GBPUSD,D1,wavenet_optuna,0.7976,False,0.7986,False,False,0.0010000000000000009,0.8017,False,False,0.0040999999999999925
USDJPY_M1_cnn1d_optuna,USDJPY,M1,cnn1d_optuna,0.0051,False,0.0061,False,False,0.001,0.0091,False,False,0.004
USDJPY_M1_lgb_optuna,USDJPY,M1,lgb_optuna,0.005,False,0.0059,False,False,0.0008999999999999998,0.0089,False,False,0.0039
USDJPY_M1_mlp_optuna,USDJPY,M1,mlp_optuna,0.005,False,0.0059,False,False,0.0008999999999999998,0.0089,False,False,0.0039
USDJPY_M1_transformer_optuna,USDJPY,M1,transformer_optuna,0.0051,False,0.006,False,False,0.0008999999999999998,0.009,False,False,0.003899999999999999
USDJPY_M1_lgb_v2_optuna,USDJPY,M1,lgb_v2_optuna,0.0049,False,0.0058,False,False,0.0008999999999999998,0.0087,False,False,0.0037999999999999996
EURUSD_D1_tcn_optuna,EURUSD,D1,tcn_optuna,0.7516,False,0.7527,False,False,0.0010999999999999899,0.7554,False,False,0.0037999999999999146
USDJPY_M1_xgb_v2_optuna,USDJPY,M1,xgb_v2_optuna,0.0048,False,0.0057,False,False,0.0009000000000000006,0.0085,False,False,0.003700000000000001
USDJPY_M1_residual_mlp_optuna,USDJPY,M1,residual_mlp_optuna,0.0045,False,0.0054,False,False,0.0009000000000000006,0.0081,False,False,0.0036
USDJPY_M1_cat_optuna,USDJPY,M1,cat_optuna,0.0046,False,0.0054,False,False,0.0008000000000000004,0.0081,False,False,0.0034999999999999996
USDJPY_M1_xgb_optuna,USDJPY,M1,xgb_optuna,0.0029,False,0.0035,False,False,0.0006000000000000003,0.0053,False,False,0.0024000000000000002
USDJPY_M1_tabnet_optuna,USDJPY,M1,tabnet_optuna,0.002,False,0.0023,False,False,0.0002999999999999999,0.0035,False,False,0.0015
EURUSD_D1_ensemble_nn_optuna,EURUSD,D1,ensemble_nn_optuna,0.3412,False,0.3416,False,False,0.00040000000000001146,0.3424,False,False,0.0011999999999999789
EURUSD_D1_wavenet_optuna,EURUSD,D1,wavenet_optuna,0.8467,False,0.847,False,False,0.00029999999999996696,0.8478,False,False,0.0010999999999999899
EURUSD_D1_lstm_optuna,EURUSD,D1,lstm_optuna,1.8041,False,1.8042,False,False,9.999999999998899e-05,1.8044,False,False,0.00029999999999996696
EURUSD_D1_cnn1d_optuna,EURUSD,D1,cnn1d_optuna,0.2452,False,0.2452,False,False,0.0,0.2452,False,False,0.0
